Date,Open,High,Low,Close,Volume
2018-01-02,10.54557885,11.00373883,10.52188092,10.8220547,208159255
2018-01-03,10.84575263,10.94844366,10.4270892,10.52978023,296249840
2018-01-04,10.52188092,10.56137747,10.37179403,10.46658575,185450948
2018-01-05,10.43498851,10.54557885,10.38759265,10.5060823,121031272
2018-01-08,10.46658575,10.49818299,10.15851266,10.23750576,215862081
2018-01-09,10.23750576,10.4270892,10.20590852,10.33229748,134434509
2018-01-10,10.30070024,10.65616919,10.20590852,10.64037057,240327736
2018-01-11,10.59297471,10.73516229,10.48238437,10.5850754,144387781
2018-01-12,10.62457195,10.80625608,10.59297471,10.70356505,135399140
2018-01-15,10.67196781,11.31971123,10.6640685,11.2170202,312239456
2018-01-16,11.19332227,11.35920778,11.07483262,11.2170202,244454900
2018-01-17,11.31971123,11.6909788,11.2170202,11.24071813,265629401
2018-01-18,11.3750064,11.62778432,11.28021468,11.62778432,214802680
2018-01-19,11.6909788,11.95165603,11.59618708,11.6909788,257114669
2018-01-22,11.5329926,11.80156914,11.39870433,11.40660364,207386714
2018-01-23,11.34340916,11.7699719,11.31971123,11.57248915,238879170
2018-01-24,11.58038846,11.91215948,11.4539995,11.56458984,259129212
2018-01-25,11.41450295,11.43030157,11.059034,11.2170202,236998459
2018-01-26,11.20122158,11.32761054,11.07483262,11.09853055,203298865
2018-01-29,11.09853055,11.25651675,10.7430616,10.85365194,209054668
2018-01-30,10.8220547,10.93264504,10.70356505,10.78255815,109473986
2018-01-31,10.7430616,11.09853055,10.68776643,11.09853055,174772914
2018-02-01,11.01953745,11.2960133,10.93264504,11.08273193,200561475
2018-02-02,10.98794021,11.1380271,10.76675953,11.09853055,117651271
2018-02-05,10.9010478,11.50929467,10.84575263,11.49349605,233199790
2018-02-06,11.24071813,11.31971123,11.00373883,11.059034,258287204
2018-02-07,11.23281882,11.2960133,10.07951956,10.20590852,334571696
2018-02-08,10.13481473,10.20590852,9.89783543,9.90573474,213781506
2018-02-09,9.54236648,9.54236648,8.98941478,9.23429339,282494976
2018-02-12,9.30538718,9.35278304,9.13160236,9.25799132,122878244
2018-02-13,9.37648097,9.64505751,9.35278304,9.43177614,129817869
2018-02-14,9.44757476,9.50286993,9.28958856,9.479172,86419024
2018-02-22,9.67665475,9.89783543,9.67665475,9.84254026,126840607
2018-02-23,9.93733198,10.10321749,9.83464095,9.96102991,101366320
2018-02-26,10.08741887,10.15061335,9.83464095,9.97682853,104575874
2018-02-27,9.98472784,10.0321237,9.62925889,9.70035268,128586906
2018-02-28,9.5581651,9.62925889,9.42387683,9.51866855,121414559
2018-03-01,9.41597752,9.59766165,9.4001789,9.51076924,88695718
2018-03-02,9.41597752,9.51076924,9.36068235,9.43967545,66312416
2018-03-05,9.42387683,9.54236648,9.3211858,9.36858166,75418313
2018-03-06,9.43967545,9.56606441,9.29748787,9.5581651,115016249
2018-03-07,9.59766165,9.74774854,9.51076924,9.51866855,142757032
2018-03-08,9.51866855,9.59766165,9.43967545,9.56606441,68975503
2018-03-09,9.59766165,9.6371582,9.46337338,9.55026579,94387697
2018-03-12,9.59766165,9.61346027,9.43967545,9.50286993,126870132
2018-03-13,9.51076924,9.65295682,9.479172,9.49497062,108226732
2018-03-14,9.46337338,9.479172,9.34488373,9.41597752,63559413
2018-03-15,9.31328649,9.36068235,9.21059546,9.25009201,115569473
2018-03-16,9.25799132,9.36068235,9.19479684,9.19479684,96298338
2018-03-19,9.21059546,9.35278304,9.17109891,9.34488373,80853872
2018-03-20,9.27378994,9.38438028,9.25799132,9.33698442,77615002
2018-03-21,9.43967545,9.57396372,9.36068235,9.4001789,144510951
2018-03-22,9.4001789,9.45547407,9.17899822,9.21059546,98427842
2018-03-23,8.88672375,8.96571685,8.62604652,8.95781754,182569075
2018-03-26,8.80773065,8.8472272,8.57865066,8.63394583,138359851
2018-03-27,8.7682341,8.82352927,8.57865066,8.64184514,110393361
2018-03-28,8.57075135,8.79983134,8.52335549,8.60234859,109902339
2018-03-29,8.62604652,8.82352927,8.33377205,8.72873755,133060238
2018-03-30,8.72083824,8.72873755,8.59444928,8.6102479,75217368
2018-04-02,8.58654997,8.68134169,8.4522617,8.46016101,110931643
2018-04-03,8.3732686,8.42856377,8.30217481,8.34167136,89074565
2018-04-04,8.43646308,8.69714031,8.3732686,8.58654997,160248873
2018-04-09,8.5312548,8.7682341,8.47595963,8.70503962,107479576
2018-04-10,8.70503962,9.05260926,8.66554307,9.02101202,139095079
2018-04-11,8.99731409,9.41597752,8.98941478,9.34488373,209597045
2018-04-12,9.3211858,9.34488373,9.02101202,9.10000512,117312818
2018-04-13,9.19479684,9.31328649,9.04470995,9.13950167,130025597
2018-04-16,9.06050857,9.06050857,8.71293893,8.7682341,142707281
2018-04-17,8.78403272,9.04470995,8.77613341,8.85512651,130189172
2018-04-18,9.04470995,9.17109891,8.91042168,9.0842065,147584533
2018-04-19,9.10000512,9.23429339,9.02101202,9.06050857,84913183
2018-04-20,9.09210581,9.14740098,8.8472272,8.96571685,95869066
2018-04-23,8.9262203,9.17109891,8.89462306,9.13950167,107028935
2018-04-24,9.18689753,9.43177614,9.14740098,9.36858166,146109880
2018-04-25,9.28958856,9.32908511,9.18689753,9.22639408,73028648
2018-04-26,9.21059546,9.23429339,8.93411961,9.02101202,87423591
2018-04-27,9.07630719,9.09210581,8.39696653,8.57075135,270979568
2018-05-02,8.66554307,8.71293893,8.5312548,8.59444928,119052318
2018-05-03,8.57865066,8.59444928,8.34957067,8.49175825,128135557
2018-05-04,8.47595963,8.55495273,8.42066446,8.43646308,71050952
2018-05-07,8.4522617,8.55495273,8.40486584,8.53915411,97430967
2018-05-08,8.55495273,8.80773065,8.5312548,8.69714031,137330568
2018-05-09,8.67344238,8.71293893,8.59444928,8.66554307,62765613
2018-05-10,8.71293893,8.76033479,8.61814721,8.69714031,55273588
2018-05-11,8.72083824,8.79193203,8.65764376,8.69714031,77236966
2018-05-14,8.76033479,8.87092513,8.71293893,8.83142858,103929716
2018-05-15,8.83142858,8.83932789,8.70503962,8.78403272,66926144
2018-05-16,8.74453617,8.74453617,8.60234859,8.6102479,71436208
2018-05-17,8.61814721,8.64184514,8.51545618,8.54705342,58649438
2018-05-18,8.53915411,8.66554307,8.49965756,8.65764376,57838477
2018-05-21,8.74453617,8.77613341,8.63394583,8.64974445,76353357
2018-05-22,8.64974445,8.67344238,8.52335549,8.57865066,58987185
2018-05-23,8.54705342,8.54705342,8.38906722,8.41276515,99101629
2018-05-24,8.42066446,8.43646308,8.35746998,8.38116791,68815202
2018-05-25,8.38116791,8.42856377,8.33377205,8.36536929,59333567
2018-05-28,8.35746998,8.42066446,8.30217481,8.36536929,56940092
2018-05-29,8.35746998,8.39696653,8.17578585,8.19948378,88949497
2018-05-30,8.12838999,8.12838999,7.93880655,7.96250448,112444704
2018-05-31,7.98620241,8.04939689,7.91510862,8.04149758,98736038
2018-06-01,8.01779965,8.12838999,7.95460517,8.04939689,59721116
2018-06-04,8.08099413,8.14418861,8.01779965,8.11259137,59303835
2018-06-05,8.12838999,8.1362893,7.98620241,8.10469206,65654075
2018-06-06,8.09679275,8.10469206,7.9783031,8.00990034,71274341
2018-06-07,8.0572962,8.26267826,8.04149758,8.19158447,126263820
2018-06-08,8.15998723,8.15998723,7.94670586,7.99410172,109937982
2018-06-11,7.94670586,8.00200103,7.89931,7.93090724,72137498
2018-06-12,7.92300793,7.96250448,7.85981345,7.94670586,91330072
2018-06-13,7.93090724,7.94670586,7.85981345,7.85981345,53058431
2018-06-14,7.85981345,8.01779965,7.83611552,7.95460517,86639201
2018-06-15,7.96250448,8.12838999,7.94670586,8.03359827,124870788
2018-06-19,7.93880655,8.01779965,7.75712242,7.79661897,156587447
2018-06-20,7.79661897,7.85981345,7.70972656,7.82821621,76363731
2018-06-21,7.84401483,7.93090724,7.78871966,7.78871966,84007077
2018-06-22,7.7413238,7.79661897,7.71762587,7.78082035,65781851
2018-06-25,7.82821621,7.83611552,7.40955278,7.47274726,119521260
2018-06-26,7.41745209,7.45694864,7.18047279,7.39375416,112415694
2018-06-27,7.35425761,7.4253514,7.13307693,7.18047279,104514268
2018-06-28,7.06988245,7.17257348,7.00668797,7.04618452,111076403
2018-06-29,7.11727831,7.21207003,7.07778176,7.18047279,67529968
2018-07-02,7.14887555,7.14887555,6.75391005,6.80130591,131552013
2018-07-03,6.86450039,6.8723997,6.67491695,6.84870177,127483857
2018-07-04,6.81710453,6.91189625,6.80130591,6.80130591,71115337
2018-07-05,6.80920522,6.89609763,6.75391005,6.7934066,83576877
2018-07-06,6.80130591,6.93559418,6.67491695,6.84080246,98828269
2018-07-09,6.86450039,7.13307693,6.85660108,7.13307693,140995460
2018-07-10,7.12517762,7.12517762,7.02248659,7.09358038,89686202
2018-07-11,6.91979556,6.97509073,6.85660108,6.93559418,85129670
2018-07-12,6.9034866,7.20049707,6.88743198,7.12825128,114049231
2018-07-13,7.16036052,7.17641514,7.08008742,7.12825128,60337821
2018-07-16,7.10416935,7.1443059,6.97573239,7.00784163,68984558
2018-07-17,7.01586894,7.02389625,6.95165046,6.99981432,37535633
2018-07-18,7.02389625,7.10416935,6.97573239,6.9837597,52515277
2018-07-19,7.02389625,7.07206011,6.97573239,7.00784163,46137239
2018-07-20,7.00784163,7.3851252,6.91151391,7.31287941,175427740
2018-07-23,7.25668824,7.58580795,7.224579,7.56172602,178168826
2018-07-24,7.53764409,7.69819029,7.48948023,7.5456714,142589416
2018-07-25,7.57778064,7.60186257,7.48948023,7.52961678,61412281
2018-07-26,7.5456714,7.60988988,7.39315251,7.42526175,83335815
2018-07-27,7.4653983,7.51356216,7.36907058,7.42526175,51512603
2018-07-30,7.48145292,7.61791719,7.43328906,7.53764409,70638597
2018-07-31,7.52158947,7.61791719,7.42526175,7.56172602,72015080
2018-08-01,7.56172602,7.6259445,7.31287941,7.34498865,81408168
2018-08-02,7.32893403,7.34498865,7.12825128,7.17641514,93140128
2018-08-03,7.16838783,7.3048521,7.15233321,7.15233321,47654662
2018-08-06,7.17641514,7.31287941,7.13627859,7.17641514,55401008
2018-08-07,7.19246976,7.36104327,7.12825128,7.36104327,69042319
2018-08-08,7.35301596,7.35301596,7.25668824,7.26471555,57895316
2018-08-09,7.25668824,7.50553485,7.24063362,7.45737099,80678377
2018-08-10,7.4653983,7.48145292,7.35301596,7.40920713,42416836
2018-08-13,7.32090672,7.35301596,7.1443059,7.26471555,81849112
2018-08-14,7.24866093,7.25668824,7.17641514,7.224579,43024036
2018-08-15,7.24063362,7.24063362,7.02389625,7.05600549,67044285
2018-08-16,7.00784163,7.13627859,6.93559584,7.04797818,63827255
2018-08-17,7.12825128,7.17641514,7.04797818,7.07206011,64947656
2018-08-20,7.1443059,7.24063362,7.12022397,7.224579,68132206
2018-08-21,7.24063362,7.43328906,7.23260631,7.40920713,126447447
2018-08-22,7.41723444,7.49750754,7.32893403,7.45737099,98243398
2018-08-23,7.4653983,7.56172602,7.40920713,7.51356216,72907462
2018-08-24,7.47342561,8.25207468,7.45737099,8.05139193,304040832
2018-08-27,8.04336462,8.37248433,8.00322807,8.37248433,221842422
2018-08-28,8.30023854,8.37248433,8.21996544,8.26010199,128977724
2018-08-29,8.22799275,8.29221123,8.14771965,8.24404737,90188349
2018-08-30,8.24404737,8.30826585,8.09152848,8.12363772,99491773
2018-08-31,8.13166503,8.28418392,8.1075831,8.13166503,131086524
2018-09-03,8.09955579,8.2681293,8.09955579,8.17982889,71169567
2018-09-04,8.1878562,8.46881205,8.08350117,8.37248433,129634208
2018-09-05,8.2681293,8.29221123,8.06744655,8.06744655,117945317
2018-09-06,8.06744655,8.13969234,7.98717345,8.00322807,71177755
2018-09-07,8.05941924,8.17180158,7.97111883,8.03533731,80903534
2018-09-10,8.03533731,8.08350117,7.89887304,7.93098228,63698929
2018-09-11,7.9470369,8.05139193,7.87479111,7.95506421,71296751
2018-09-12,7.92295497,8.00322807,7.88281842,7.93098228,56482916
2018-09-13,8.09955579,8.1075831,7.89887304,7.99520076,99972561
2018-09-14,8.01125538,8.01125538,7.87479111,7.89887304,61975019
2018-09-17,7.8667638,7.8667638,7.77043608,7.77846339,51708233
2018-09-18,7.81057263,8.12363772,7.7864907,8.09152848,112680742
2018-09-19,8.05139193,8.30023854,8.05139193,8.21996544,123154877
2018-09-20,8.24404737,8.31629316,8.17982889,8.21193813,62034836
2018-09-21,8.23602006,8.5892217,8.17180158,8.56513977,162451841
2018-09-25,8.44473012,8.57316708,8.41262088,8.46881205,97701470
2018-09-26,8.51697591,8.76582252,8.44473012,8.59724901,149051343
2018-09-27,8.54908515,8.70160404,8.48486667,8.62133094,88036333
2018-09-28,8.65344018,9.04677837,8.65344018,8.87017755,211024267
2018-10-08,8.5892217,8.66146749,8.38853895,8.38853895,168635852
2018-10-09,8.39656626,8.5892217,8.34037509,8.47683936,106408426
2018-10-10,8.46078474,8.55711246,8.33234778,8.38853895,99520008
2018-10-11,8.06744655,8.15574696,7.7864907,7.91492766,199514383
2018-10-12,8.00322807,8.30023854,7.92295497,8.2681293,151681028
2018-10-15,8.34037509,8.40459357,8.09955579,8.11561041,140268530
2018-10-16,8.13969234,8.46078474,8.12363772,8.32432047,139692105
2018-10-17,8.4286755,8.46881205,8.13969234,8.29221123,135088983
2018-10-18,8.26010199,8.26010199,8.07547386,8.09955579,100115605
2018-10-19,7.98717345,8.65344018,7.96309152,8.63738556,208366732
2018-10-22,8.67752211,9.19929726,8.65344018,8.95045065,264554312
2018-10-23,8.9905872,9.00664182,8.61330363,8.70160404,160254592
2018-10-24,8.7497679,9.09494223,8.6694948,8.86215024,182942464
2018-10-25,8.6694948,9.06283299,8.59724901,9.06283299,168501136
2018-10-26,9.06283299,9.07888761,8.79793176,8.97453258,129997510
2018-10-29,8.9905872,9.02269644,8.52500322,8.62935825,159162878
2018-10-30,8.65344018,8.89425948,8.61330363,8.7497679,150182786
2018-10-31,8.78990445,8.82201369,8.62935825,8.75779521,115268379
2018-11-01,8.82201369,8.87017755,8.63738556,8.69357673,154277632
2018-11-02,8.86215024,8.95847796,8.69357673,8.90228679,221292287
2018-11-05,8.78990445,8.86215024,8.68554942,8.76582252,129192417
2018-11-06,8.72568597,8.77384983,8.61330363,8.70160404,73572574
2018-11-07,8.69357673,8.78990445,8.62935825,8.67752211,78559741
2018-11-08,8.73371328,8.80595907,8.68554942,8.74174059,79397600
2018-11-09,8.59724901,8.61330363,8.3484024,8.46881205,162926917
2018-11-12,8.39656626,8.49289398,8.33234778,8.47683936,92033388
2018-11-13,8.35642971,8.54908515,8.33234778,8.46078474,107249762
2018-11-14,8.45275743,8.46881205,8.36445702,8.38051164,77423985
2018-11-15,8.38051164,8.54105784,8.36445702,8.52500322,90146198
2018-11-16,8.51697591,8.60527632,8.42064819,8.48486667,105959259
2018-11-19,8.48486667,8.73371328,8.48486667,8.70963135,136088709
2018-11-20,8.62935825,8.6694948,8.44473012,8.48486667,103387753
2018-11-21,8.4286755,8.56513977,8.41262088,8.51697591,66615733
2018-11-22,8.56513977,8.56513977,8.41262088,8.46881205,50026785
2018-11-23,8.45275743,8.49289398,8.27615661,8.28418392,70035815
2018-11-26,8.30023854,8.39656626,8.2681293,8.30023854,51656911
2018-11-27,8.30826585,8.34037509,8.15574696,8.17180158,73344838
2018-11-28,8.16377427,8.27615661,8.15574696,8.25207468,53775145
2018-11-29,8.30826585,8.34037509,8.17982889,8.1878562,48528405
2018-11-30,8.20391082,8.31629316,8.16377427,8.31629316,59471532
2018-12-03,8.50092129,8.55711246,8.40459357,8.50092129,106409717
2018-12-04,8.48486667,8.52500322,8.45275743,8.50092129,53481305
2018-12-05,8.42064819,8.43670281,8.3484024,8.38853895,58154527
2018-12-06,8.31629316,8.32432047,8.21193813,8.22799275,57886648
2018-12-07,8.2681293,8.34037509,8.24404737,8.25207468,34021615
2018-12-10,8.20391082,8.24404737,8.13166503,8.16377427,49481887
2018-12-11,8.19588351,8.23602006,8.16377427,8.21193813,29908962
2018-12-12,8.2681293,8.28418392,8.1878562,8.21996544,36637903
2018-12-13,8.22799275,8.41262088,8.1878562,8.34037509,79084521
2018-12-14,8.30023854,8.30826585,8.15574696,8.16377427,52667513
2018-12-17,8.15574696,8.29221123,8.1075831,8.26010199,57127487
2018-12-18,8.1878562,8.28418392,8.1075831,8.12363772,53774430
2018-12-19,8.13969234,8.17180158,7.9470369,7.97914614,59800701
2018-12-20,7.96309152,8.00322807,7.73029953,7.79451801,99028479
2018-12-21,7.77043608,7.7864907,7.48948023,7.58580795,100061676
2018-12-24,7.5456714,7.58580795,7.47342561,7.56172602,50911767
2018-12-25,7.45737099,7.56975333,7.39315251,7.49750754,58661545
2018-12-26,7.50553485,7.56172602,7.44131637,7.4653983,42114060
2018-12-27,7.58580795,7.61791719,7.44934368,7.44934368,62459327
2018-12-28,7.47342561,7.59383526,7.47342561,7.52961678,57660400
2019-01-02,7.53764409,7.56172602,7.35301596,7.37709789,53938632
2019-01-03,7.36907058,7.48948023,7.34498865,7.44934368,41553795
2019-01-04,7.41723444,7.88281842,7.40117982,7.82662725,148115906
2019-01-07,7.89887304,7.90690035,7.73029953,7.81859994,86568766
2019-01-08,7.81057263,7.81859994,7.72227222,7.75438146,40238811
2019-01-09,7.81859994,8.09152848,7.7864907,7.97914614,123348636
2019-01-10,7.92295497,8.1878562,7.91492766,8.1075831,107181766
2019-01-11,8.11561041,8.20391082,8.06744655,8.1878562,69636455
2019-01-14,8.20391082,8.22799275,8.08350117,8.11561041,50044359
2019-01-15,8.11561041,8.25207468,8.09955579,8.21996544,54216055
2019-01-16,8.21996544,8.4286755,8.21193813,8.41262088,97769937
2019-01-17,8.46078474,8.48486667,8.16377427,8.22799275,88281192
2019-01-18,8.30023854,8.42064819,8.25207468,8.37248433,73879326
2019-01-21,8.30023854,8.40459357,8.28418392,8.30023854,65935576
2019-01-22,8.30023854,8.38051164,8.23602006,8.25207468,42441357
2019-01-23,8.26010199,8.40459357,8.26010199,8.30826585,53787663
2019-01-24,8.3484024,8.46881205,8.32432047,8.44473012,67924088
2019-01-25,8.47683936,8.86215024,8.46881205,8.830041,210836185
2019-01-28,8.86215024,8.94242334,8.73371328,8.78187714,103590980
2019-01-29,8.79793176,8.88623217,8.64541287,8.830041,82663110
2019-01-30,8.78990445,8.97453258,8.71765866,8.78990445,71200101
2019-01-31,8.81398638,8.9905872,8.78187714,8.9103141,83162275
2019-02-01,8.9905872,9.03072375,8.79793176,8.9905872,101427007
2019-02-11,8.89425948,8.99861451,8.80595907,8.99861451,80193663
2019-02-12,8.9905872,9.07888761,8.85412293,8.98255989,95993690
2019-02-13,8.98255989,9.15916071,8.92636872,9.13507878,113736574
2019-02-14,9.0708603,9.09494223,8.98255989,9.03072375,86918519
2019-02-15,9.01466913,9.01466913,8.7497679,8.78990445,110012746
2019-02-18,8.87017755,9.11902416,8.86215024,9.11902416,125552221
2019-02-19,9.11902416,9.32773422,9.02269644,9.04677837,127088204
2019-02-20,9.09494223,9.25548843,9.03072375,9.15916071,83262987
2019-02-21,9.13507878,9.27154305,9.05480568,9.11902416,75424648
2019-02-22,9.11099685,9.28759767,8.95045065,9.26351574,118404779
2019-02-25,9.3919527,10.14651984,9.28759767,10.07427405,282493504
2019-02-26,10.07427405,10.09032867,9.75318165,9.7933182,201754493
2019-02-27,9.82542744,10.16257446,9.75318165,9.9538644,197901388
2019-02-28,9.98597364,10.12243791,9.84950937,9.92175516,111309980
2019-03-01,10.01808288,10.25890218,9.7933182,10.24284756,171267916
2019-03-04,10.1946837,10.74054078,10.13046522,10.42747569,245683039
2019-03-05,10.36325721,10.66829499,10.30706604,10.48366686,140842222
2019-03-06,10.48366686,10.55591265,10.30706604,10.49972148,124576020
2019-03-07,10.48366686,10.48366686,10.07427405,10.22679294,178205731
2019-03-08,10.02611019,10.1946837,9.83345475,9.8735913,177816210
2019-03-11,9.8735913,10.02611019,9.67290855,9.88964592,115765077
2019-03-12,10.02611019,10.14651984,9.82542744,9.92175516,141179492
2019-03-13,9.90570054,10.07427405,9.73712703,9.92978247,126942716
2019-03-14,9.89767323,10.13046522,9.84950937,9.97794633,105746790
2019-03-15,9.90570054,10.17862908,9.90570054,10.0341375,104540603
2019-03-18,10.05821943,10.38733914,9.88964592,10.36325721,148645480
2019-03-19,10.37128452,10.38733914,10.12243791,10.26692949,95719646
2019-03-20,10.17862908,10.33917528,10.13046522,10.23482025,92999638
2019-03-21,10.25087487,10.2749568,10.09835598,10.18665639,86014080
2019-03-22,10.18665639,10.22679294,10.0341375,10.10638329,71350206
2019-03-25,9.9538644,9.9538644,9.7130451,9.72107241,117988326
2019-03-26,9.81740013,9.86556399,9.64079931,9.7130451,93539327
2019-03-27,9.82542744,10.01005557,9.77726358,9.93780978,92282680
2019-03-28,9.88161861,9.88161861,9.7130451,9.80937282,73246744
2019-03-29,9.84148206,10.29101142,9.80134551,10.29101142,166950647
2019-04-01,10.29903873,10.87700505,10.29903873,10.57999458,195140119
2019-04-02,10.66026768,10.82081388,10.62013113,10.72448616,110038404
2019-04-03,10.60407651,10.79673195,10.55591265,10.78870464,79291579
2019-04-04,10.78067733,11.238234,10.78067733,11.12585166,203436500
2019-04-08,11.1579609,11.58340833,11.01346932,11.20612476,174317620
2019-04-09,11.13387897,11.22217938,11.03755125,11.08571511,78133238
2019-04-10,11.03755125,11.14190628,10.7565954,11.02149663,94713506
2019-04-11,11.02149663,11.20612476,10.82884119,10.86897774,65535662
2019-04-12,10.82884119,10.90911429,10.60407651,10.77265002,77432464
2019-04-15,11.01346932,11.31047979,10.96530546,10.98938739,153389068
2019-04-16,10.97333277,11.70381798,10.87700505,11.70381798,237937518
2019-04-17,11.57538102,11.71184529,11.42286213,11.51918985,100410987
2019-04-18,11.4790533,11.53524447,11.32653441,11.51116254,50704530
2019-04-19,11.59946295,11.8804188,11.4790533,11.82422763,124603609
2019-04-22,11.7198726,11.91252804,11.30245248,11.35864365,132227390
2019-04-23,11.3185071,11.3987802,11.21415207,11.29442517,94068734
2019-04-24,11.59946295,11.7198726,11.36667096,11.59143564,194972363
2019-04-25,11.54327178,11.75198184,11.34258903,11.34258903,111147637
2019-04-26,11.30245248,11.43891675,10.9974147,11.06966049,100942124
2019-04-29,11.1579609,11.50313523,11.12585166,11.3185071,103069575
2019-04-30,11.23020669,11.27837055,10.90911429,11.11782435,111657027
2019-05-06,10.5157761,10.71645885,10.20271101,10.33114797,210866784
2019-05-07,10.45958493,10.50774879,10.21073832,10.39536645,107265841
2019-05-08,10.21073832,10.36325721,10.0341375,10.1144106,97545081
2019-05-09,10.05019212,10.09835598,9.67290855,9.76120896,155715161
2019-05-10,9.90570054,10.23482025,9.7130451,10.17862908,119239908
2019-05-13,9.89767323,10.06624674,9.81740013,9.8735913,74191779
2019-05-14,9.7933182,10.23482025,9.76120896,10.02611019,118259819
2019-05-15,10.09835598,10.52380341,10.09032867,10.37128452,110398851
2019-05-16,10.37931183,10.42747569,10.25890218,10.31509335,63490143
2019-05-17,10.37128452,10.37931183,9.92175516,9.98597364,96500085
2019-05-20,9.91372785,10.06624674,9.83345475,9.93780978,78643518
2019-05-21,9.9538644,10.21876563,9.92175516,10.08230136,73121051
2019-05-22,10.09032867,10.09032867,9.88964592,9.9538644,50623072
2019-05-23,9.82542744,9.96991902,9.74515434,9.86556399,66685543
2019-05-24,9.91372785,9.99400095,9.88161861,9.91372785,49552620
2019-05-27,9.80134551,9.96991902,9.57658083,9.92978247,104842598
2019-05-28,9.88161861,10.07427405,9.84148206,10.02611019,88070312
2019-05-29,9.92175516,10.10638329,9.84148206,9.9538644,66641150
2019-05-30,9.88964592,9.93780978,9.72107241,9.80937282,64628465
2019-05-31,9.76120896,9.9538644,9.72107241,9.77726358,68679439
2019-06-03,9.80937282,9.89767323,9.48828042,9.5524989,151271905
2019-06-04,9.54447159,9.58460814,9.3116796,9.51236235,97465534
2019-06-05,9.60869007,9.74515434,9.56855352,9.60869007,74889231
2019-06-06,9.60869007,9.68896317,9.54447159,9.56855352,43366526
2019-06-10,9.64079931,10.01005557,9.61671738,9.90570054,114466882
2019-06-11,9.90570054,10.21073832,9.8735913,10.15454715,125108751
2019-06-12,10.13849253,10.16257446,9.98597364,10.09032867,65731018
2019-06-13,10.06624674,10.17862908,9.97794633,10.10638329,53000026
2019-06-14,10.10638329,10.18665639,9.99400095,10.02611019,48319173
2019-06-17,10.01808288,10.26692949,10.01808288,10.17060177,61981588
2019-06-18,10.17060177,10.31509335,10.10638329,10.2749568,48355512
2019-06-19,10.66829499,10.74856809,10.44353031,10.49169417,114322639
2019-06-20,10.57196727,11.19809745,10.53183072,11.0776878,152919147
2019-06-21,11.04557856,11.13387897,10.90108698,10.94925084,101112915
2019-06-24,10.98938739,11.10176973,10.92516891,10.98938739,65957285
2019-06-25,11.01346932,11.01346932,10.49169417,10.78067733,146922707
2019-06-26,10.76445149,10.9510245,10.69955653,10.84557019,54650476
2019-06-27,10.9510245,11.23493995,10.91046515,11.12137377,92507494
2019-06-28,11.13759751,11.18626873,11.01591946,11.17815686,49809369
2019-07-01,11.36472987,11.50263166,11.25116369,11.29983491,96063600
2019-07-02,11.25927556,11.55130288,11.24305182,11.50263166,105274486
2019-07-03,11.50263166,11.52696727,11.25116369,11.36472987,76907849
2019-07-04,11.36472987,11.58375036,11.25927556,11.34850613,62129252
2019-07-05,11.31605865,11.34039426,11.10515003,11.29172304,74919609
2019-07-08,11.21060434,11.25927556,10.91046515,11.02403133,77841390
2019-07-09,11.05647881,11.12137377,10.90235328,11.02403133,49429611
2019-07-10,11.04025507,11.1132619,10.94291263,10.99969572,35822079
2019-07-11,11.09703816,11.17815686,10.97536011,10.98347198,48418314
2019-07-12,11.0321432,11.54319101,11.01591946,11.45396044,146536652
2019-07-15,11.38095361,11.45396044,11.22682808,11.356618,84128276
2019-07-16,11.33228239,11.34850613,11.12137377,11.15382125,72278079
2019-07-17,11.1132619,11.20249247,11.04025507,11.10515003,41002063
2019-07-18,11.07270255,11.20249247,10.99969572,11.08892629,42282622
2019-07-19,11.14570938,11.42151296,11.09703816,11.34850613,86639070
2019-07-22,11.32417052,11.37284174,11.16193312,11.23493995,58228330
2019-07-23,11.24305182,11.25116369,11.07270255,11.16193312,50400423
2019-07-24,11.25116369,11.36472987,11.18626873,11.25927556,57027622
2019-07-25,11.29172304,11.57563849,11.23493995,11.5188554,108782641
2019-07-26,11.50263166,11.55941475,11.42151296,11.54319101,63530571
2019-07-29,11.55941475,11.72165215,11.50263166,11.59186223,71557619
2019-07-30,11.60808597,11.80277085,11.59186223,11.65675719,79663432
2019-07-31,11.5999741,11.61619784,11.42151296,11.46207231,63472348
2019-08-01,11.40528922,11.51074353,11.30794678,11.4377367,52798128
2019-08-02,11.17004499,11.25927556,11.08081442,11.14570938,96992646
2019-08-05,11.0321432,11.06459068,10.76445149,10.82934645,89308242
2019-08-06,10.6265497,10.91857702,10.56976661,10.84557019,88249913
2019-08-07,10.94291263,11.06459068,10.84557019,10.98347198,79303899
2019-08-08,11.2754993,11.7622115,11.23493995,11.66486906,233071504
2019-08-09,11.80277085,12.04612695,11.70542841,11.77843524,206057513
2019-08-12,11.85144207,12.26514744,11.8433302,12.26514744,273342544
2019-08-13,12.167805,12.23269996,11.95689638,12.07857443,129373644
2019-08-14,12.28137118,12.34626614,12.0055676,12.14346939,136054654
2019-08-15,11.87577768,12.13535752,11.8433302,12.11913378,89737626
2019-08-16,12.24081183,12.28137118,11.98934386,12.0866863,98690293
2019-08-19,12.09479817,12.11913378,11.77843524,12.10291004,229295613
2019-08-20,12.10291004,12.3300424,11.98123199,12.15969313,192104150
2019-08-21,12.06235069,12.07857443,11.66486906,11.72165215,199013195
2019-08-22,11.6810928,11.72165215,11.5188554,11.60808597,135307158
2019-08-23,11.65675719,11.95689638,11.64053345,11.88388955,163686768
2019-08-26,11.69731654,11.7622115,11.47829605,11.55941475,141512254
2019-08-27,11.64864532,11.74598776,11.55130288,11.60808597,135671337
2019-08-28,11.56752662,11.58375036,11.39717735,11.57563849,82965768
2019-08-29,11.53507914,11.55130288,11.42151296,11.46207231,60903434
2019-08-30,11.59186223,11.67298093,11.4377367,11.48640792,79850057
2019-09-02,11.47829605,11.7622115,11.44584857,11.72165215,136020130
2019-09-03,11.74598776,11.77032337,11.55941475,11.5999741,85865365
2019-09-04,11.61619784,11.7622115,11.60808597,11.71354028,97396487
2019-09-05,11.81088272,12.04612695,11.80277085,11.82710646,176805143
2019-09-06,11.93256077,12.01367947,11.85955394,12.01367947,98643280
2019-09-09,12.15158126,12.167805,11.8433302,11.91633703,129983914
2019-09-10,11.8433302,11.87577768,11.68920467,11.80277085,79687064
2019-09-11,11.8433302,11.93256077,11.72976402,11.81088272,81861421
2019-09-12,11.89200142,11.98934386,11.78654711,11.90822516,115068764
2019-09-16,11.9244489,11.94067264,11.6810928,11.72165215,92989414
2019-09-17,11.64864532,11.72165215,11.50263166,11.55130288,88265575
2019-09-18,11.55130288,11.74598776,11.55130288,11.68920467,82043633
2019-09-19,11.74598776,12.07857443,11.74598776,12.03801508,188402083
2019-09-20,12.12724565,12.4922798,12.11102191,12.44360858,264428514
2019-09-23,12.44360858,12.54906289,12.31381866,12.47605606,140328200
2019-09-24,12.54906289,12.60584598,12.31381866,12.31381866,112910324
2019-09-25,12.3300424,12.85731395,12.32193053,12.77619525,193889272
2019-09-26,12.86542582,13.01143948,12.70318842,12.74374777,168659258
2019-09-27,12.85731395,12.978992,12.7356359,12.8978733,100770627
2019-09-30,12.77619525,12.88976143,12.63018159,12.64640533,104636317
2019-10-08,12.6545172,13.16556501,12.6545172,13.1412294,138667636
2019-10-09,13.0601107,13.40080924,12.99521574,13.18178875,131669341
2019-10-10,13.19801249,13.19801249,12.97088013,13.17367688,87974662
2019-10-11,13.1412294,13.74961965,13.1412294,13.63605347,140542282
2019-10-14,13.76584339,14.2768912,13.72528404,13.96864014,155763745
2019-10-15,13.99297575,14.07409445,13.64416534,13.93619266,88195542
2019-10-16,14.00108762,14.14710128,13.49003981,13.61982973,126767121
2019-10-17,13.7090603,13.790179,13.42514485,13.5468229,112618222
2019-10-18,13.6279416,13.82262648,13.32780241,13.39269737,119679914
2019-10-21,13.32780241,13.76584339,13.32780241,13.70094843,94595225
2019-10-22,13.71717217,13.73339591,13.00332761,13.31969054,188353143
2019-10-23,13.23857184,13.52248729,13.16556501,13.34402615,96753459
2019-10-24,13.3845855,13.790179,13.33591428,13.68472469,110921477
2019-10-25,13.61171786,13.75773152,13.44948046,13.69283656,69143576
2019-10-28,13.77395526,13.82262648,13.36836176,13.51437542,107013113
2019-10-29,13.53871103,13.73339591,13.43325672,13.71717217,78886473
2019-10-30,13.6279416,13.75773152,13.31969054,13.32780241,85431717
2019-10-31,13.31969054,13.36024989,13.17367688,13.18990062,86256930
2019-11-01,13.26290745,13.790179,13.20612436,13.67661282,125465544
2019-11-04,13.77395526,13.99297575,13.60360599,13.72528404,88982425
2019-11-05,13.6279416,14.14710128,13.61982973,13.91185705,117248589
2019-11-06,13.83885022,14.00108762,13.69283656,13.75773152,86332536
2019-11-07,13.73339591,13.84696209,13.58738225,13.70094843,71189699
2019-11-08,13.77395526,13.80640274,13.49815168,13.50626355,84913924
2019-11-11,13.3845855,13.40892111,13.1412294,13.20612436,95351563
2019-11-12,13.21423623,13.27913119,13.10878192,13.24668371,51626640
2019-11-13,13.21423623,13.35213802,13.02766322,13.24668371,65512065
2019-11-14,13.32780241,13.36836176,13.18178875,13.23857184,46889955
2019-11-15,13.29535493,13.42514485,13.17367688,13.25479558,56922798
2019-11-18,13.26290745,13.42514485,13.16556501,13.34402615,55791841
2019-11-19,13.34402615,13.36836176,13.23045997,13.31157867,56212040
2019-11-20,13.2223481,13.2223481,12.79241899,12.85731395,172438353
2019-11-21,12.77619525,12.87353769,12.67885281,12.86542582,77256324
2019-11-22,12.88976143,12.91409704,12.61395785,12.64640533,77347354
2019-11-25,12.68696468,12.84920208,12.60584598,12.8167546,78325794
2019-11-26,12.88976143,12.88976143,12.56528663,12.67074094,81529753
2019-11-27,12.68696468,12.68696468,12.48416793,12.54906289,47616998
2019-11-28,12.54906289,12.60584598,12.52472728,12.56528663,37801651
2019-11-29,12.60584598,12.61395785,12.31381866,12.40304923,65386691
2019-12-02,12.45172045,12.51661541,12.35437801,12.45983232,55387738
2019-12-03,12.4111611,12.54095102,12.33815427,12.53283915,45541805
2019-12-04,12.44360858,12.50039167,12.33815427,12.41927297,52454527
2019-12-05,12.45172045,12.55717476,12.4111611,12.51661541,55708446
2019-12-06,12.54906289,12.75185964,12.54095102,12.6545172,71261524
2019-12-09,12.67074094,12.67074094,12.45172045,12.50039167,60599289
2019-12-10,12.45983232,12.47605606,12.37060175,12.43549671,55638388
2019-12-11,12.47605606,12.71941216,12.4111611,12.70318842,87150519
2019-12-12,12.70318842,12.71130029,12.59773411,12.6545172,47899882
2019-12-13,12.85731395,13.07633444,12.79241899,13.07633444,105310381
2019-12-16,13.07633444,13.09255818,12.87353769,13.08444631,78795234
2019-12-17,12.978992,13.49003981,12.96276826,13.3845855,120310490
2019-12-18,13.32780241,13.51437542,13.31157867,13.35213802,79709133
2019-12-19,13.42514485,13.57927038,13.33591428,13.42514485,67553676
2019-12-20,13.42514485,13.53059916,13.33591428,13.45759233,64447838
2019-12-23,13.53059916,13.53059916,13.11689379,13.17367688,71579272
2019-12-24,13.16556501,13.3845855,13.16556501,13.3034668,45912842
2019-12-25,13.34402615,13.43325672,13.17367688,13.2223481,41491798
2019-12-26,13.25479558,13.36836176,13.23857184,13.36024989,37203386
2019-12-27,13.40892111,13.73339591,13.32780241,13.49003981,104257472
2019-12-30,13.35213802,13.49003981,13.0601107,13.44136859,97697031
2019-12-31,13.44136859,13.49003981,13.23045997,13.34402615,70444225
2020-01-02,13.50626355,13.74961965,13.42514485,13.68472469,153023187
2020-01-03,13.74150778,14.04164697,13.72528404,13.93619266,111619481
2020-01-06,13.79829087,14.06598258,13.71717217,13.84696209,86208350
2020-01-07,13.89563331,14.01731136,13.74961965,13.91185705,72860756
2020-01-08,13.790179,13.83073835,13.49003981,13.51437542,84782412
2020-01-09,13.63605347,13.73339591,13.40892111,13.61982973,103163665
2020-01-10,13.61982973,13.63605347,13.40080924,13.53871103,58554845
2020-01-13,13.58738225,13.81451461,13.47381607,13.78206713,87213336
2020-01-14,13.78206713,14.00919949,13.59549412,13.59549412,130449366
2020-01-15,13.61982973,13.67661282,13.34402615,13.40080924,85943912
2020-01-16,13.40080924,13.44136859,13.1412294,13.24668371,102810467
2020-01-17,13.28724306,13.42514485,13.26290745,13.29535493,60543669
2020-01-20,13.32780241,13.47381607,13.26290745,13.34402615,74607475
2020-01-21,13.25479558,13.25479558,12.92220891,12.978992,89660310
2020-01-22,12.91409704,13.10878192,12.74374777,13.05199883,71946491
2020-01-23,12.91409704,12.91409704,12.48416793,12.60584598,110059207
2020-02-03,11.34850613,11.9244489,11.34850613,11.34850613,225919483
2020-02-04,11.39717735,11.89200142,11.37284174,11.8433302,170617207
2020-02-05,11.83521833,12.07857443,11.61619784,11.86766581,149138021
2020-02-06,12.01367947,12.06235069,11.77032337,11.98123199,118581572
2020-02-07,11.8433302,11.91633703,11.68920467,11.85955394,92485296
2020-02-10,11.77032337,11.78654711,11.5999741,11.7622115,133949524
2020-02-11,11.8433302,12.11913378,11.81088272,11.99745573,140750744
2020-02-12,11.99745573,12.02179134,11.8433302,11.98123199,107050321
2020-02-13,11.93256077,12.07046256,11.85144207,11.88388955,101320528
2020-02-14,11.96500825,12.28137118,11.9244489,12.19214061,151243473
2020-02-17,12.20025248,12.46794419,12.11102191,12.46794419,154369601
2020-02-18,12.43549671,12.43549671,12.17591687,12.3300424,97361235
2020-02-19,12.2489237,12.46794419,12.23269996,12.36248988,87410693
2020-02-20,12.38682549,12.67074094,12.2489237,12.64640533,123544434
2020-02-21,12.56528663,12.75185964,12.53283915,12.63829346,99507102
2020-02-24,12.54095102,12.54095102,12.28948305,12.35437801,119179450
2020-02-25,12.167805,12.27325931,11.98934386,12.20025248,114457502
2020-02-26,11.98123199,12.38682549,11.9244489,12.15969313,117659915
2020-02-27,12.13535752,12.28948305,12.07857443,12.25703557,97527090
2020-02-28,12.04612695,12.20025248,11.72976402,11.7622115,130064445
2020-03-02,11.80277085,12.12724565,11.72976402,11.99745573,111658066
2020-03-03,12.13535752,12.15969313,11.86766581,11.94067264,115358432
2020-03-04,11.90822516,11.98934386,11.77032337,11.91633703,86259523
2020-03-05,12.0055676,12.68696468,11.94878451,12.48416793,268660240
2020-03-06,12.31381866,12.38682549,12.18402874,12.19214061,122853103
2020-03-09,11.93256077,11.94878451,11.69731654,11.72165215,166579354
2020-03-10,11.66486906,12.04612695,11.66486906,11.97312012,116786497
2020-03-11,11.98123199,12.07046256,11.85955394,11.91633703,81438164
2020-03-12,11.88388955,12.03801508,11.78654711,11.90822516,98649711
2020-03-13,11.2754993,11.82710646,11.2754993,11.77843524,116976580
2020-03-16,11.72165215,11.72976402,11.15382125,11.15382125,140620218
2020-03-17,11.15382125,11.33228239,10.65088531,10.87801767,117784906
2020-03-18,10.87801767,10.99158385,10.26151555,10.31018677,138478437
2020-03-19,10.28585116,10.33452238,9.66123717,9.92081701,189145713
2020-03-20,10.0587188,10.28585116,9.94515262,10.15606124,157835296
2020-03-23,9.734244,10.01815945,9.67746091,9.85592205,107111364
2020-03-24,10.0587188,10.28585116,9.95326449,10.22906807,118020026
2020-03-25,10.44808856,10.60221409,10.3020749,10.43997669,113695774
2020-03-26,10.36696986,10.82123458,10.31829864,10.59410222,107519243
2020-03-27,10.74822775,10.85368206,10.61032596,10.66710905,65301888
2020-03-30,10.42375295,10.57787848,10.35074612,10.49675978,66173879
2020-03-31,10.58599035,10.61843783,10.36696986,10.3831936,51337030
2020-04-01,10.43186482,10.65088531,10.39941734,10.45620043,52083604
2020-04-02,10.34263425,10.52109539,10.26962742,10.52109539,51836504
2020-04-03,10.39941734,10.45620043,10.18039685,10.22906807,82534814
2020-04-07,10.45620043,10.49675978,10.39130547,10.44808856,87031371
2020-04-08,10.44808856,10.48053604,10.31829864,10.36696986,52871614
2020-04-09,10.44808856,10.45620043,10.31829864,10.33452238,40855377
2020-04-10,10.35074612,10.52920726,10.26151555,10.37508173,66667495
2020-04-13,10.27773929,10.31018677,10.11550189,10.21284433,44621440
2020-04-14,10.26151555,10.43186482,10.19662059,10.43186482,68608687
2020-04-15,10.43186482,10.48864791,10.36696986,10.43997669,65639640
2020-04-16,10.37508173,10.37508173,10.17228498,10.28585116,78915498
2020-04-17,10.35885799,10.57787848,10.26151555,10.45620043,133116477
2020-04-20,10.43186482,10.58599035,10.35885799,10.53731913,81845583
2020-04-21,10.7887871,11.1132619,10.7887871,10.91046515,212244834
2020-04-22,10.84557019,10.88612954,10.67522092,10.73200401,103280274
2020-04-23,10.73200401,10.79689897,10.63466157,10.73200401,64698963
2020-04-24,10.68333279,10.77256336,10.63466157,10.74011588,56600161
2020-04-27,10.7887871,11.06459068,10.74822775,10.9510245,93682990
2020-04-28,10.91046515,10.99969572,10.76445149,10.96724824,77156417
2020-04-29,10.93480076,11.4377367,10.91046515,11.37284174,110872239
2020-04-30,11.37284174,11.61619784,11.25927556,11.29983491,81954043
2020-05-06,11.16193312,11.26738743,11.04025507,11.17004499,100899802
2020-05-07,11.16193312,11.16193312,11.0321432,11.10515003,66274923
2020-05-08,11.16193312,11.37284174,11.09703816,11.31605865,93478170
2020-05-11,11.29172304,11.46207231,11.2754993,11.356618,61286229
2020-05-12,11.31605865,11.39717735,11.12948564,11.18626873,55851114
2020-05-13,11.15382125,11.17815686,10.97536011,11.05647881,64035879
2020-05-14,10.99158385,11.02403133,10.72389214,10.7887871,94467209
2020-05-15,10.86179393,10.89424141,10.65899718,10.73200401,75679447
2020-05-18,10.7076684,10.82123458,10.64277344,10.7076684,63720857
2020-05-19,10.87801767,10.91046515,10.76445149,10.83745832,60036864
2020-05-20,10.85368206,11.04836694,10.76445149,10.95913637,69085107
2020-05-21,10.96724824,11.00780759,10.83745832,10.8699058,55231200
2020-05-22,10.81312271,10.82123458,10.48053604,10.48053604,85623733
2020-05-25,10.52109539,10.52920726,10.35074612,10.51298352,41017078
2020-05-26,10.56165474,10.60221409,10.49675978,10.57787848,39621240
2020-05-27,10.58599035,10.69955653,10.51298352,10.545431,48296294
2020-05-28,10.61970624,10.87550336,10.57019712,10.78473664,96076031
2020-05-29,10.73522752,10.75998208,10.66096384,10.726976,45780822
2020-06-01,10.8094912,11.04878528,10.79298816,10.99102464,88296055
2020-06-02,10.96627008,11.24682176,10.95801856,11.1808096,88345888
2020-06-03,11.25507328,11.45310976,11.139552,11.17255808,95680308
2020-06-04,11.16430656,11.25507328,11.06528832,11.19731264,58306633
2020-06-05,11.2220672,11.23857024,11.08179136,11.21381568,38302690
2020-06-08,11.28807936,11.4283552,11.20556416,11.23857024,58597190
2020-06-09,11.25507328,11.32933696,11.16430656,11.27982784,47430007
2020-06-10,11.31283392,11.31283392,11.0570368,11.13130048,58047620
2020-06-11,11.04053376,11.04878528,10.726976,10.79298816,134903982
2020-06-12,10.6444608,10.74347904,10.61970624,10.71872448,103055057
2020-06-15,10.6032032,10.70222144,10.5619456,10.57844864,66031307
2020-06-16,10.6444608,10.71872448,10.61145472,10.63620928,71805910
2020-06-17,10.63620928,10.66096384,10.52893952,10.6032032,71646824
2020-06-18,10.52893952,10.5619456,10.38866368,10.52893952,111964780
2020-06-19,10.50418496,10.59495168,10.40516672,10.5619456,153952178
2020-06-22,10.51243648,10.52893952,10.41341824,10.42992128,131907979
2020-06-23,10.4381728,10.47117888,10.33090304,10.3969152,99080673
2020-06-24,10.42992128,10.62795776,10.3969152,10.5619456,152322048
2020-06-29,10.66096384,10.70222144,10.48768192,10.5619456,103848006
2020-06-30,10.58670016,10.62795776,10.49593344,10.5619456,93794022
2020-07-01,10.55369408,10.8507488,10.51243648,10.82599424,169739001
2020-07-02,10.79298816,11.13130048,10.70222144,11.08179136,259050119
2020-07-03,11.19731264,11.81617664,11.18906112,11.758416,376833360
2020-07-06,12.0472192,12.93838336,12.03896768,12.93838336,471146080
2020-07-07,13.4499776,13.72227776,12.40203456,12.77335296,396442752
2020-07-08,12.56706496,13.202432,12.56706496,13.00439552,263133916
2020-07-09,12.92188032,12.92188032,12.63307712,12.81461056,224399440
2020-07-10,12.6660832,12.77335296,12.17924352,12.26175872,215877326
2020-07-13,12.1297344,12.44329216,11.964704,12.28651328,193716012
2020-07-14,12.2947648,12.53405888,12.0059616,12.11323136,195356627
2020-07-15,12.19574656,12.26175872,11.74191296,11.77491904,204256283
2020-07-16,11.7996736,12.0059616,11.65114624,11.6759008,193089129
2020-07-17,11.69240384,11.78317056,11.5108704,11.66764928,129134677
2020-07-20,11.74191296,12.18749504,11.6346432,12.15448896,197963200
2020-07-21,12.11323136,12.11323136,11.8821888,11.95645248,125286569
2020-07-22,11.95645248,12.0884768,11.77491904,11.89044032,131295159
2020-07-23,11.75016448,11.79142208,11.39534912,11.56037952,202752587
2020-07-24,11.52737344,11.54387648,11.07353984,11.139552,183088183
2020-07-27,11.27982784,11.28807936,10.8094912,10.92501248,188065335
2020-07-28,11.00752768,11.08179136,10.87550336,11.00752768,121700599
2020-07-29,11.0157792,11.24682176,10.90025792,11.17255808,151958025
2020-07-30,11.139552,11.14780352,11.03228224,11.03228224,96406763
2020-07-31,10.95801856,11.16430656,10.933264,11.00752768,116582191
2020-08-03,11.11479744,11.23857024,11.08179136,11.21381568,144509616
2020-08-04,11.27157632,11.6759008,11.12304896,11.58513408,244566325
2020-08-05,11.40360064,11.4283552,11.23857024,11.35409152,144020313
2020-08-06,11.40360064,11.51912192,11.2633248,11.4696128,135251068
2020-08-07,11.3870976,11.4696128,11.23857024,11.3045824,98867837
2020-08-10,11.27982784,11.56863104,11.23857024,11.5108704,158771035
2020-08-11,11.52737344,12.09672832,11.52737344,11.65939776,260330789
2020-08-12,11.72540992,11.964704,11.6759008,11.86568576,159681170
2020-08-13,11.8821888,11.93169792,11.66764928,11.70065536,83726175
2020-08-14,11.6346432,11.97295552,11.60163712,11.93994944,110321582
2020-08-17,12.0472192,12.6660832,12.0059616,12.53405888,326802784
2020-08-18,12.5423104,12.6248256,12.30301632,12.5010528,135026107
2020-08-19,12.46804672,12.6660832,12.34427392,12.4597952,142092811
2020-08-20,12.38553152,12.49280128,11.98945856,12.03896768,133380162
2020-08-21,12.13798592,12.13798592,11.81617664,11.9234464,123451733
2020-08-24,11.964704,12.13798592,11.89044032,11.93169792,91944886
2020-08-25,12.01421312,12.12148288,11.93169792,12.0472192,74832022
2020-08-26,12.0472192,12.05547072,11.78317056,11.85743424,73411772
2020-08-27,11.8821888,11.93169792,11.64289472,11.93169792,62666677
2020-08-28,11.76666752,12.52580736,11.76666752,12.48454976,241040002
2020-08-31,12.6248256,12.93838336,12.36902848,12.44329216,179712954
2020-09-01,12.34427392,12.56706496,12.27826176,12.49280128,81364258
2020-09-02,12.38553152,12.81461056,12.38553152,12.64132864,167938297
2020-09-03,12.64132864,12.64958016,12.24525568,12.2947648,127984159
2020-09-04,12.15448896,12.42678912,12.0472192,12.34427392,90988999
2020-09-07,12.27826176,12.57531648,12.23700416,12.32777088,103137681
2020-09-08,12.37728,12.73209536,12.37728,12.73209536,140760166
2020-09-09,12.59181952,12.83936512,12.48454976,12.55056192,101357247
2020-09-10,12.64132864,12.77335296,12.5423104,12.65783168,95709239
2020-09-11,12.52580736,12.6248256,12.22875264,12.38553152,95423625
2020-09-14,12.38553152,12.6248256,12.31126784,12.6248256,68025105
2020-09-15,12.5423104,12.77335296,12.5010528,12.6660832,65713267
2020-09-16,12.64132864,12.82286208,12.55056192,12.74034688,72241475
2020-09-17,12.82286208,12.97138944,12.7073408,12.84761664,98821563
2020-09-18,12.88887424,13.27669568,12.80635904,13.26019264,137319330
2020-09-21,13.202432,13.2436896,12.96313792,13.08691072,89616165
2020-09-22,12.93013184,13.07040768,12.69908928,12.84761664,86775631
2020-09-23,12.86411968,13.06215616,12.79810752,12.89712576,59920047
2020-09-24,12.86411968,12.88062272,12.47629824,12.47629824,106101124
2020-09-25,12.5423104,12.63307712,12.46804672,12.53405888,61408700
2020-09-28,12.53405888,12.68258624,12.36077696,12.63307712,61271111
2020-09-29,12.69908928,12.71559232,12.17924352,12.2122496,118237440
2020-09-30,12.2122496,12.60007104,12.2122496,12.51755584,121706482
2020-10-09,12.6248256,12.8311136,12.48454976,12.52580736,90042593
2020-10-12,12.55881344,13.2436896,12.55056192,13.1199168,159134715
2020-10-13,13.1199168,13.29319872,13.01264704,13.25194112,90881948
2020-10-14,13.23543808,13.30145024,13.0374016,13.22718656,66256236
2020-10-15,13.3674624,13.96157184,13.3262048,13.66451712,160006232
2020-10-16,13.66451712,14.33289024,13.64801408,14.1100992,209561419
2020-10-19,14.2751296,14.9352512,14.2751296,14.42365696,201610552
2020-10-20,14.42365696,14.5226752,14.233872,14.47316608,96007195
2020-10-21,14.55568128,14.852736,14.29988416,14.77847232,124456018
2020-10-22,14.80322688,15.265312,14.2751296,14.48966912,189051905
2020-10-23,14.46491456,15.49635456,14.46491456,14.96000576,169850168
2020-10-26,15.0177664,15.09203008,14.3989024,14.6051904,117559865
2020-10-27,14.852736,14.852736,14.44016,14.65469952,103486504
2020-10-28,14.65469952,14.7702208,14.26687808,14.54742976,120582386
2020-10-29,14.47316608,14.79497536,14.3163872,14.66295104,84660362
2020-10-30,14.63819648,15.14979072,14.5226752,14.646448,100780383
2020-11-02,14.5639328,14.8939936,14.29988416,14.54742976,96845277
2020-11-03,14.61344192,15.13328768,14.6051904,14.81972992,95786863
2020-11-04,15.1415392,15.24880896,14.81972992,15.11678464,124763640
2020-11-05,15.15804224,15.265312,14.47316608,14.6051904,142946944
2020-11-06,14.61344192,14.646448,14.20911744,14.55568128,84878153
2020-11-09,14.58043584,14.852736,14.47316608,14.72071168,95142432
2020-11-10,14.852736,15.265312,14.79497536,14.94350272,102106281
2020-11-11,15.0177664,15.1002816,14.5226752,14.69595712,94013007
2020-11-12,14.69595712,14.80322688,14.3989024,14.57218432,67725848
2020-11-13,14.37414784,14.41540544,13.77178688,14.17611136,128918923
2020-11-16,14.09359616,14.38239936,13.9450688,14.33289024,75985693
2020-11-17,14.34114176,14.79497536,14.233872,14.71246016,85293051
2020-11-18,14.67120256,15.265312,14.646448,15.23230592,137340072
2020-11-19,15.33957568,15.66138496,15.1002816,15.5541152,121174062
2020-11-20,15.53761216,15.66963648,15.28181504,15.56236672,67391922
2020-11-23,15.5541152,16.18948224,15.5128576,16.18948224,116585826
2020-11-24,16.18948224,16.23899136,15.81816384,15.97494272,67854323
2020-11-25,16.07396096,16.2554944,15.7191456,15.72739712,55258501
2020-11-26,15.7191456,16.18123072,15.70264256,16.090464,63965789
2020-11-27,16.50304,16.50304,15.99144576,16.2554944,75377374
2020-11-30,16.4205248,17.22917376,16.16472768,16.28850048,158144128
2020-12-01,16.2554944,16.92386752,16.0079488,16.5442976,126371975
2020-12-02,16.44527936,16.55254912,16.10696704,16.19773376,88938529
2020-12-03,16.32150656,16.38751872,15.81816384,16.12347008,71445230
2020-12-04,16.06570944,16.06570944,15.65313344,15.9254336,89134784
2020-12-07,15.93368512,15.99969728,15.41383936,15.60362432,87380661
2020-12-08,15.61187584,15.70264256,15.29006656,15.43859392,71964751
2020-12-09,15.50460608,15.7191456,15.41383936,15.43859392,67722115
2020-12-10,15.45509696,15.57886976,15.2240544,15.3890848,60786655
2020-12-11,15.43859392,15.5128576,15.03426944,15.28181504,88779387
2020-12-14,15.3478272,15.72739712,15.265312,15.57886976,83599174
2020-12-15,15.5128576,15.5541152,14.9765088,15.46334848,78885794
2020-12-16,15.5128576,15.7604032,15.33132416,15.68613952,68907042
2020-12-17,15.60362432,15.73564864,15.3478272,15.6366304,68614069
2020-12-18,15.677888,15.7604032,15.04252096,15.14979072,105875636
2020-12-21,15.1002816,15.38083328,14.87749056,15.08377856,90687811
2020-12-22,15.14979072,15.3890848,14.75371776,14.7702208,102873751
2020-12-23,14.81972992,14.91049664,14.67945408,14.852736,75008273
2020-12-24,14.9765088,15.25706048,14.8939936,15.06727552,63295012
2020-12-25,15.06727552,15.06727552,14.6877056,14.88574208,57707733
2020-12-28,14.86923904,15.56236672,14.81972992,15.5541152,127033706
2020-12-29,15.57061824,15.9254336,15.4303424,15.81816384,96309223
2020-12-30,15.677888,15.8429184,15.44684544,15.8429184,97849778
2020-12-31,15.85116992,16.15647616,15.69439104,15.95843968,92450343
2021-01-04,15.7604032,15.7604032,15.21580288,15.3478272,155421643
2021-01-05,15.1827968,15.24880896,14.6877056,14.99301184,182135210
2021-01-06,14.91874816,16.13997312,14.852736,16.13997312,193494512
2021-01-07,16.10696704,16.48653696,15.86767296,16.4205248,158418530
2021-01-08,16.4205248,16.5855552,15.93368512,16.3792672,119547322
2021-01-11,16.50304,17.03113728,16.50304,16.81659776,179045714
2021-01-12,16.82484928,17.328192,16.65156736,17.328192,128816550
2021-01-13,17.328192,17.33644352,16.8331008,17.0806464,104911973
2021-01-14,17.06414336,17.23742528,16.4617824,16.64331584,113015562
2021-01-15,17.328192,18.1120864,17.17966464,17.328192,248068898
2021-01-18,17.4932224,18.79696256,17.4932224,18.7309504,215730178
2021-01-19,18.57417152,18.84647168,18.1946016,18.43389568,124208834
2021-01-20,18.2771168,18.95374144,18.25236224,18.54116544,128079316
2021-01-21,18.56592,18.8134656,18.2771168,18.34312896,94477860
2021-01-22,18.34312896,18.34312896,17.74901952,18.17809856,92443442
2021-01-25,17.92230144,18.6484352,17.68300736,18.55766848,102836527
2021-01-26,18.4008896,19.24254464,18.4008896,18.45865024,112672055
2021-01-27,18.40914112,19.36631744,18.40914112,19.04450816,129415272
2021-01-28,18.79696256,19.12702336,18.5246624,18.82171712,85747696
2021-01-29,18.82171712,19.42407808,18.73920192,19.05275968,124025841
2021-02-01,18.978496,20.62054848,18.7309504,20.2574816,147523930
2021-02-02,19.29205376,19.8861632,18.90423232,19.20953856,241616877
2021-02-03,19.37456896,20.77732736,19.29205376,20.5875424,192327159
2021-02-04,19.95217536,20.82683648,19.83665408,20.2987392,125524750
2021-02-05,20.2987392,20.88459712,20.02643904,20.57103936,101557559
2021-02-08,20.5462848,20.5462848,19.8861632,20.4637696,108426467
2021-02-09,20.45551808,20.49677568,19.94392384,20.28223616,94209355
2021-02-10,20.2987392,20.59579392,19.29205376,19.65512064,191886710
2021-02-18,19.803648,20.2574816,19.37456896,20.0511936,150523081
2021-02-19,19.77064192,19.96042688,19.44883264,19.6798752,92258314
2021-02-22,19.6386176,19.6386176,18.36788352,18.46690176,195684248
2021-02-23,18.46690176,18.71444736,18.00481664,18.09558336,187046013
2021-02-24,18.37613504,18.38438656,17.79027712,18.28536832,142849985
2021-02-25,18.4834048,18.61542912,17.88929536,18.22760768,159340347
2021-02-26,17.8232832,18.12033792,17.50147392,17.64174976,112497730
2021-03-01,17.77377408,17.88929536,17.47671936,17.6995104,112538653
2021-03-02,17.83978624,18.2771168,17.54273152,17.8645408,147342505
2021-03-03,17.80678016,19.04450816,17.70776192,18.98674752,191963527
2021-03-04,18.78871104,19.38282048,18.6896928,18.91248384,121357937
2021-03-05,18.7309504,18.96199296,18.03782272,18.43389568,88017141
2021-03-08,18.51641088,18.72269888,17.72426496,17.8232832,99377397
2021-03-09,17.88929536,18.08733184,16.98162816,17.2044192,136189533
2021-03-10,17.19616768,17.25392832,16.73408256,16.8331008,114941657
2021-03-11,16.98162816,17.64174976,16.96512512,17.55098304,104865939
2021-03-12,17.63349824,17.9057984,17.4932224,17.72426496,69720060
2021-03-15,17.6582528,18.25236224,17.41895872,17.8232832,95874870
2021-03-16,17.8232832,18.24411072,17.55098304,17.87279232,93968432
2021-03-17,17.6995104,17.7820256,17.2456768,17.4932224,82148865
2021-03-18,17.5757376,17.93055296,17.328192,17.93055296,69161019
2021-03-19,17.76552256,17.8645408,16.80834624,16.89086144,152562227
2021-03-22,16.9568736,17.7820256,16.94037056,17.7820256,145119008
2021-03-23,17.79852864,17.8645408,17.29518592,17.51797696,68290338
2021-03-24,17.50147392,17.55923456,16.8743584,16.94037056,85008507
2021-03-25,16.98162816,17.18791616,16.8331008,17.121904,49266574
2021-03-26,17.19616768,17.6582528,17.13015552,17.44371328,82210806
2021-03-29,17.55923456,17.8645408,17.4932224,17.73251648,78566668
2021-03-30,17.64174976,18.09558336,17.50147392,18.09558336,73865481
2021-03-31,17.96355904,18.21110464,17.8232832,18.16159552,77702807
2021-04-01,18.21935616,18.24411072,17.740768,17.97181056,54444898
2021-04-02,17.9057984,17.93055296,17.62524672,17.740768,58108352
2021-04-06,17.7820256,18.22760768,17.74901952,17.88929536,40110282
2021-04-07,18.05432576,18.09558336,17.58398912,17.85628928,51760459
2021-04-08,17.70776192,17.93055296,17.60049216,17.79027712,38302950
2021-04-09,17.91404992,17.92230144,17.39420416,17.5757376,39896028
2021-04-12,17.74901952,17.74901952,17.02288576,17.0806464,59474314
2021-04-13,17.09714944,17.22917376,16.98987968,17.14665856,49990418
2021-04-14,17.15491008,17.27868288,16.84960384,17.05589184,53743849
2021-04-15,17.13015552,17.13840704,16.56905216,16.80009472,73586505
2021-04-16,16.80009472,16.85785536,16.34626112,16.71757952,72999826
2021-04-19,16.52779456,17.52622848,16.42877632,17.4519648,111228262
2021-04-20,17.39420416,18.1120864,17.26217984,17.89754688,83477272
2021-04-21,18.4008896,19.13527488,18.39263808,18.98674752,159709965
2021-04-22,19.13527488,19.16828096,18.79696256,18.96199296,82969388
2021-04-23,19.24254464,19.5148448,19.03625664,19.21779008,82323015
2021-04-26,19.69637824,19.99343296,18.8959808,18.92898688,87241767
2021-04-27,18.9372384,19.13527488,18.86297472,18.92898688,47043140
2021-04-28,19.21779008,19.3498144,18.79696256,19.2672992,59383793
2021-04-29,19.25904768,19.56435392,19.06926272,19.46533568,61483688
2021-04-30,19.2672992,19.38282048,18.98674752,19.21779008,56198132
2021-05-06,19.0610112,19.5561024,19.0610112,19.391072,50029522
2021-05-07,19.53134784,20.0511936,19.30030528,19.8449056,80221421
2021-05-10,19.803648,19.83665408,18.99499904,19.68812672,66143890
2021-05-11,19.49009024,19.59736,19.02800512,19.41582656,49722345
2021-05-12,19.21779008,19.50659328,18.87947776,19.4323296,53326526
2021-05-13,19.40757504,19.46533568,18.84647168,19.03625664,54965250
2021-05-14,19.2441496,19.4853252,18.795064,19.3938448,56378536
2021-05-17,19.252466,19.8096648,19.086138,19.626704,52756465
2021-05-18,19.834614,20.0508404,19.460376,19.876196,39541498
2021-05-19,19.8096648,20.0674732,19.5601728,19.626704,42942033
2021-05-20,19.4686924,19.8262976,19.3522628,19.8096648,40578837
2021-05-21,19.8595632,20.0342076,19.1526692,19.5352236,53933574
2021-05-24,19.5269072,19.626704,19.2857316,19.5269072,34393563
2021-05-25,19.5768056,20.5664572,19.501958,20.458344,97237462
2021-05-26,20.4916096,20.8907968,20.37518,20.7993164,91926378
2021-05-27,20.7161524,20.9240624,20.3918128,20.6163556,50409136
2021-05-28,20.5248752,20.5498244,20.0924224,20.37518,49240073
2021-05-31,20.2338012,20.4001292,19.8845124,20.125688,51535081
2021-06-01,20.125688,20.16727,19.54354,19.8928288,62501796
2021-06-02,19.8678796,19.8928288,19.4437432,19.8678796,49752702
2021-06-03,19.7265008,20.0757896,19.6932352,19.7680828,40090085
2021-06-04,19.9510436,20.7577344,19.793032,20.4084456,75673942
2021-06-07,20.3585472,20.3585472,19.9011452,20.208852,44791410
2021-06-08,20.084106,20.4333948,19.917778,20.4001292,57007792
2021-06-09,20.3169652,20.6912032,20.1090552,20.499926,45383150
2021-06-10,20.5082424,20.8408984,20.084106,20.125688,53021516
2021-06-11,20.2171684,20.250434,19.2275168,19.4354268,83466504
2021-06-15,19.418794,19.4853252,18.961392,19.3106808,66062259
2021-06-16,19.3106808,19.460376,19.1360364,19.3439464,37820804
2021-06-17,19.1443528,19.7015516,19.1443528,19.210884,45328209
2021-06-18,19.2358332,19.3605792,18.6204196,18.836646,69409930
2021-06-21,18.795064,18.8532788,18.3043964,18.4291424,71827274
2021-06-22,18.6121032,19.2025676,18.50399,19.1027708,75775141
2021-06-23,19.002974,19.4686924,18.8948608,19.2441496,44790778
2021-06-24,19.1526692,19.2275168,18.8615952,19.1942512,39028349
2021-06-25,19.1942512,19.626704,19.1776184,19.4271104,55997295
2021-06-28,19.4271104,19.4520596,18.6952672,18.9447592,62625737
2021-06-29,18.7784312,18.9530756,18.29608,18.5788376,104974939
2021-06-30,18.5954704,19.0695052,18.587154,18.8116968,40343546
2021-07-01,18.9697084,19.54354,18.7285328,19.294048,66483330
2021-07-02,18.8948608,18.9114936,18.0964864,18.1380684,107067756
2021-07-05,18.0382716,18.420826,17.5392876,18.3459784,85934129
2021-07-06,18.3626112,19.12772,18.171334,18.9447592,79195726
2021-07-07,18.8615952,19.169302,18.7119,18.753482,46894487
2021-07-08,18.9447592,18.9447592,17.630768,17.8885764,145705947
2021-07-09,17.713932,17.9883732,17.4810728,17.6889828,76236474
2021-07-12,17.88026,17.88026,17.3729596,17.5975024,87790102
2021-07-13,17.589186,17.7471976,17.0818856,17.5642368,65761395
2021-07-14,17.46444,17.46444,16.9737724,17.2648464,84795055
2021-07-15,17.2315808,18.0632208,17.1567332,17.9800568,95600305
2021-07-16,17.8054124,18.1463848,17.713932,17.7471976,57300261
2021-07-19,17.7638304,17.8220452,17.2814792,17.6390844,52213595
2021-07-20,17.547604,17.630768,17.0236708,17.131784,80403433
2021-07-21,17.1151512,17.298112,16.799128,17.007038,75307652
2021-07-22,17.007038,17.1816824,16.8323936,16.9488232,86864809
2021-07-23,16.9488232,16.9488232,16.6328,16.715964,72740433
2021-07-26,16.5995344,16.6244836,15.3271252,15.634832,145130394
2021-07-27,15.6930468,15.7928436,14.636864,14.7699264,135755148
2021-07-28,14.844774,15.0277348,14.7033952,14.76161,106299421
2021-07-29,14.8946724,15.1691136,14.7865592,14.9362544,87237812
2021-07-30,14.9029888,15.011102,14.3374736,14.7117116,95015588
2021-08-02,14.6701296,15.0859496,14.2875752,14.9778364,115992263
2021-08-03,14.9612036,15.094266,14.6867624,14.8780396,89694857
2021-08-04,15.0027856,15.0277348,14.636864,14.8115084,72962008
2021-08-05,14.720028,15.011102,14.6202312,14.7033952,62157388
2021-08-06,14.595282,14.886356,14.512118,14.8530904,56745413
2021-08-09,14.8946724,16.00907,14.8364576,15.8510584,175279800
2021-08-10,15.8760076,16.6161672,15.717996,16.4082572,130198844
2021-08-11,16.6244836,17.1151512,16.383308,16.4747884,104830844
2021-08-12,16.4581556,16.882292,16.3250932,16.5413196,66645800
2021-08-13,16.4498392,16.5662688,16.21698,16.5413196,56288502
2021-08-16,16.7076476,16.799128,16.2751948,16.591218,62705022
2021-08-17,16.508054,16.8157608,16.3084604,16.3583588,47602194
2021-08-18,16.3583588,17.630768,16.258562,17.1484168,133273216
2021-08-19,17.0319872,17.1484168,16.6494328,16.9155576,64997561
2021-08-20,16.6078508,16.6910148,15.551668,16.1504488,161462793
2021-08-23,16.21698,16.674382,15.8926404,16.050652,119184935
2021-08-24,16.092234,16.6078508,15.9758044,16.1005504,86895330
2021-08-25,16.1504488,16.1920308,15.759578,15.9342224,69808397
2021-08-26,15.967488,16.0173864,15.3104924,15.3520744,95161900
2021-08-27,15.4352384,15.7013632,15.2273284,15.2938596,72882023
2021-08-30,15.1441644,15.2106956,14.595282,14.7366608,125221101
2021-08-31,14.7366608,14.9113052,14.3956884,14.803192,117486786
2021-09-01,14.5370672,14.9029888,14.1461964,14.8697232,231689409
2021-09-02,14.96952,15.6181992,14.803192,15.302176,242260354
2021-09-03,15.38534,15.38534,14.720028,15.0027856,139481871
2021-09-06,14.9113052,15.468504,14.7865592,15.343758,151522556
2021-09-07,15.468504,16.2668784,15.260594,16.0007536,162234416
2021-09-08,16.0007536,16.258562,15.884324,15.9924372,102620105
2021-09-09,15.8926404,15.925906,15.634832,15.80116,73950585
2021-09-10,15.7096796,17.2731628,15.6680976,17.1068348,231494528
2021-09-13,16.9321904,17.0569364,16.4747884,16.8074444,129722802
2021-09-14,16.7824952,16.8573428,16.0257028,16.1088668,115817315
2021-09-15,16.0589684,17.4561236,15.9591716,16.2336128,84161841
2021-09-16,16.050652,16.21698,15.5766172,15.8676912,117695356
2021-09-17,15.717996,15.80116,15.3104924,15.4102892,112487963
2021-09-22,14.8614068,15.011102,14.4871688,14.9528872,147336521
2021-09-23,15.052684,15.2356448,14.678446,14.7033952,137983759
2021-09-24,14.636864,14.7033952,14.4206376,14.428954,126569628
2021-09-27,14.3125244,14.7033952,14.1877784,14.6119148,114066759
2021-09-28,14.5287508,15.1108988,14.512118,14.9445708,129316747
2021-09-29,14.8530904,15.3354416,14.7283444,15.094266,123012175
2021-09-30,15.0443676,15.135848,14.7283444,14.9113052,79561105
2021-10-08,15.1108988,15.7096796,14.9861528,15.5017696,115920062
2021-10-11,15.80116,16.4165736,15.80116,16.133816,145533835
2021-10-12,16.050652,16.3916244,15.967488,16.092234,103123218
2021-10-13,16.050652,16.5579524,15.9425388,16.2835112,80789668
2021-10-14,16.2918276,16.5662688,15.7096796,15.9758044,84298987
2021-10-15,15.80116,16.549636,15.80116,16.3500424,99349378
2021-10-18,16.175398,16.258562,15.884324,16.0423356,72962250
2021-10-19,15.925906,16.3666752,15.925906,16.2751948,68241515
2021-10-20,16.42489,16.4498392,15.9591716,16.0007536,66295555
2021-10-21,16.2336128,16.6826984,16.00907,16.6328,162166101
2021-10-22,16.7658624,17.1234676,16.466472,16.6660656,113496363
2021-10-25,16.3916244,16.799128,16.21698,16.7325968,73082823
2021-10-26,16.6826984,17.007038,16.5163704,16.674382,65280684
2021-10-27,16.6328,16.7741788,16.2918276,16.5662688,68760019
2021-10-28,16.466472,16.5829016,16.1088668,16.3999408,61901089
2021-10-29,16.3250932,16.4165736,16.0672848,16.21698,53992976
2021-11-01,16.0756012,16.4082572,15.8094764,16.1254996,84149020
2021-11-02,16.1088668,16.2086636,14.9612036,15.1192152,199769050
2021-11-03,15.052684,15.1691136,14.844774,14.9944692,111497204
2021-11-04,15.0360512,15.052684,14.803192,14.8614068,98341098
2021-11-05,14.844774,14.96952,14.6119148,14.6701296,109603988
2021-11-08,14.6534968,14.8115084,14.4372704,14.4871688,137681482
2021-11-09,14.5370672,14.678446,14.3541064,14.5786492,124057275
2021-11-10,14.5204344,14.5287508,14.2709424,14.470536,122085088
2021-11-11,14.428954,15.3271252,14.4040048,15.260594,208472900
2021-11-12,15.2273284,15.4934532,15.0610004,15.1940628,95754646
2021-11-15,15.260594,15.4934532,15.135848,15.3271252,65508999
2021-11-16,15.2689104,15.4186056,15.1108988,15.1524808,60111048
2021-11-17,15.094266,15.219012,14.9528872,15.0610004,66464038
2021-11-18,15.0443676,15.0693168,14.7449772,14.803192,79984377
2021-11-19,14.803192,15.1691136,14.720028,15.094266,78637156
2021-11-22,14.9944692,15.17743,14.886356,15.0693168,73861780
2021-11-23,15.0610004,15.260594,14.7033952,14.8697232,123597796
2021-11-24,14.7782428,14.927938,14.6867624,14.8614068,74131084
2021-11-25,14.7532936,14.7948756,14.6618132,14.7033952,60353270
2021-11-26,14.6534968,14.6950788,14.5703328,14.6202312,69449988
2021-11-29,14.4788524,14.6119148,14.4372704,14.5620164,51259471
2021-11-30,14.5869656,14.7033952,14.428954,14.5038016,73361606
2021-12-01,14.4954852,14.7782428,14.4455868,14.6701296,70692519
2021-12-02,14.6534968,14.8115084,14.4455868,14.6285476,99479835
2021-12-03,14.6701296,14.720028,14.4788524,14.678446,70759974
2021-12-06,14.844774,15.4352384,14.803192,15.052684,214562528
2021-12-07,15.219012,15.5267188,15.094266,15.3520744,161644387
2021-12-08,15.343758,15.426922,15.1025824,15.3603908,98028118
2021-12-09,15.3770236,15.8510584,15.2772268,15.551668,145588668
2021-12-10,15.3936564,15.551668,15.1940628,15.2855432,98925513
2021-12-13,15.3603908,15.7013632,15.1192152,15.1940628,131449027
2021-12-14,15.1025824,15.1108988,14.5703328,14.6202312,193720890
2021-12-15,14.5620164,14.6867624,14.470536,14.595282,129462741
2021-12-16,14.595282,14.7449772,14.5204344,14.7366608,81947951
2021-12-17,14.720028,14.76161,14.6119148,14.6119148,60236967
2021-12-20,14.6035984,14.678446,14.512118,14.5703328,74643520
2021-12-21,14.5453836,14.7283444,14.5370672,14.6285476,89373404
2021-12-22,14.6534968,14.6701296,14.387372,14.4622196,97692775
2021-12-23,14.470536,14.4954852,14.3125244,14.4040048,105957594
2021-12-24,14.4123212,14.428954,14.3125244,14.3956884,48825149
2021-12-27,14.4123212,14.428954,14.2709424,14.3208408,73111899
2021-12-28,14.3208408,14.4123212,14.2127276,14.2792588,112663891
2021-12-29,14.2709424,14.2709424,13.888388,13.92997,146937398
2021-12-30,13.9382864,14.096298,13.9050208,13.9881848,79666360
2021-12-31,14.0214504,14.054716,13.638896,13.7054272,175076089
2022-01-04,13.7054272,13.8551224,13.4559352,13.8551224,116925933
2022-01-05,13.7885912,14.3208408,13.763642,14.262626,196199817
2022-01-06,14.2293604,14.3624228,14.13788,14.2376768,110788519
2022-01-07,14.221044,14.3707392,14.1877784,14.304208,112663070
2022-01-10,14.3790556,14.4871688,14.1628292,14.2958916,90977401
2022-01-11,14.3541064,14.5869656,14.2543096,14.4788524,158199940
2022-01-12,14.4788524,14.512118,14.054716,14.13788,150216355
2022-01-13,14.0630324,14.3374736,13.9881848,14.1212472,90942265
2022-01-14,14.13788,14.1545128,13.555732,13.5806812,210309491
2022-01-17,13.597314,13.7054272,13.4060368,13.4892008,114368943
2022-01-18,13.51415,13.7553256,13.4393024,13.7386928,115297431
2022-01-19,13.7553256,13.8800716,13.6056304,13.72206,98839185
2022-01-20,13.6971108,14.5204344,13.6555288,14.4123212,303119376
2022-01-21,14.512118,14.6035984,14.3125244,14.428954,148168295
2022-01-24,14.4206376,14.4539032,14.1212472,14.304208,87477087
2022-01-25,14.2044112,14.2044112,13.9798684,14.013134,109328397
2022-01-26,14.096298,14.221044,13.7553256,13.846806,98497522
2022-01-27,13.72206,13.7553256,13.51415,13.555732,102464311
2022-01-28,13.6305796,13.680478,13.1565448,13.1648612,167556367
2022-02-07,13.3228728,13.6472124,13.2147596,13.6305796,151547630
2022-02-08,13.555732,14.1129308,13.5224664,13.9965012,175469528
2022-02-09,14.0713488,14.13788,13.8967044,14.0214504,105116166
2022-02-10,13.9466028,14.1628292,13.8634388,14.1295636,78455735
2022-02-11,14.1628292,14.4206376,14.1628292,14.221044,107813914
2022-02-14,14.221044,14.262626,13.7303764,13.7885912,115065851
2022-02-15,13.72206,13.8634388,13.389404,13.5390992,120826437
2022-02-16,13.597314,13.7470092,13.4808844,13.6472124,78239959
2022-02-17,13.6305796,13.763642,13.5723648,13.6555288,79450184
2022-02-18,13.5723648,13.9466028,13.5640484,13.9466028,80249940
2022-02-21,13.8551224,13.8634388,13.5723648,13.7303764,80099455
2022-02-22,13.5640484,13.6721616,13.4393024,13.4975172,89495673
2022-02-23,13.555732,13.5640484,13.3395056,13.4642516,88674244
2022-02-24,13.4143532,13.430986,13.139912,13.2313924,132408685
2022-02-25,13.2979236,13.3727712,13.1981268,13.223076,72639707
2022-02-28,13.223076,13.2397088,12.9902168,13.09833,72399045
2022-03-01,13.1315956,13.264658,12.9902168,13.2397088,93504034
2022-03-02,13.1315956,13.1981268,13.0234824,13.0401152,76076086
2022-03-03,13.0816972,13.1482284,12.9985332,13.0650644,57828505
2022-03-04,12.9902168,12.9985332,12.7074592,12.7490412,99093566
2022-03-07,12.6159788,12.6159788,12.1918424,12.2417408,111315899
2022-03-08,12.1585768,12.3581704,11.85087,11.9007684,100303269
2022-03-09,11.975616,12.017198,10.9942808,11.5098976,180076017
2022-03-10,11.7926552,12.26669,11.7178076,12.1169948,224915816
2022-03-11,11.975616,12.4579672,11.767706,12.391436,149364697
2022-03-14,12.1668932,12.4163852,12.017198,12.0504636,111840734
2022-03-15,11.975616,11.975616,11.310304,11.3768352,178140887
2022-03-16,11.5265304,11.975616,11.2354564,11.9007684,153177906
2022-03-17,12.1918424,12.2334244,11.8425536,12.017198,173006142
2022-03-18,11.9423504,12.349854,11.7593896,12.225108,152880713
2022-03-21,12.05878,12.3249048,11.9672996,12.1336276,120886805
2022-03-22,12.1336276,12.6575608,12.05878,12.6242952,162865658
2022-03-23,12.5660804,12.6326116,12.391436,12.4746,105010238
2022-03-24,12.4080688,12.7324084,12.3165884,12.640928,100235995
2022-03-25,12.599346,12.68251,12.3249048,12.4579672,74293335
2022-03-28,12.308272,12.516182,12.1668932,12.349854,72713699
2022-03-29,12.3748032,12.433018,12.141944,12.2084752,61564315
2022-03-30,12.3581704,12.6991428,12.2750064,12.6492444,123679155
2022-03-31,12.557764,12.9486348,12.5244984,12.7906232,116374674
2022-04-01,12.7823068,13.1315956,12.640928,13.09833,148487874
2022-04-06,13.0068496,13.7553256,12.9985332,13.6305796,248854005
2022-04-07,13.6222632,13.8551224,13.472568,13.5390992,165906455
2022-04-08,13.5224664,13.680478,13.4143532,13.638896,106677946
2022-04-11,13.597314,13.638896,13.139912,13.347822,141673536
2022-04-12,13.347822,13.5224664,13.0234824,13.2397088,103926142
2022-04-13,13.2147596,13.3727712,13.0733808,13.139912,89062806
2022-04-14,13.30624,13.51415,13.2397088,13.3395056,92961494
2022-04-15,13.223076,13.7470092,13.1898104,13.6555288,123176103
2022-04-18,13.430986,13.472568,13.1482284,13.223076,108688756
2022-04-19,13.223076,13.2812908,12.9902168,13.1482284,82177249
2022-04-20,13.1482284,13.347822,13.056748,13.181494,71655528
2022-04-21,13.1149628,13.2896072,13.056748,13.1482284,70989116
2022-04-22,13.0068496,13.4642516,12.807256,13.3561384,92127408
2022-04-25,13.0317988,13.2313924,12.2916392,12.349854,166448098
2022-04-26,12.3748032,12.4579672,12.017198,12.2500572,98820956
2022-04-27,12.4579672,13.015166,12.4413344,13.015166,149029503
2022-04-28,12.9486348,13.2480252,12.7823068,13.015166,91177187
2022-04-29,13.0484316,13.0900136,12.4496508,12.7407248,164501308
2022-05-05,12.640928,12.848838,12.599346,12.7407248,79019620
2022-05-06,12.4912328,12.640928,12.3997524,12.4413344,83243182
2022-05-09,12.4247016,12.4247016,12.0255144,12.100362,81862135
2022-05-10,12.05878,12.141944,11.7344404,12.1336276,99228502
2022-05-11,12.0920456,12.3415376,12.0088816,12.1668932,84857362
2022-05-12,12.0421472,12.1086784,11.9174012,11.9589832,68506423
2022-05-13,12.05878,12.1918424,12.0504636,12.1502604,67631191
2022-05-16,12.1918424,12.2500572,11.934034,11.9839324,66822782
2022-05-17,12.0670964,12.2417408,11.9090848,12.2334244,93140639
2022-05-18,12.349854,12.3831196,12.2001588,12.26669,77857833
2022-05-19,12.100362,12.225108,12.05878,12.1585768,59092172
2022-05-20,12.225108,12.5078656,12.2001588,12.4912328,94859778
2022-05-23,12.5328148,12.5328148,12.2750064,12.3332212,64772592
2022-05-24,12.3664868,12.3664868,11.975616,11.975616,93355706
2022-05-25,12.0005652,12.0504636,11.892452,11.9672996,60322826
2022-05-26,11.9839324,12.0005652,11.7011748,11.8009716,101131756
2022-05-27,11.8841356,11.934034,11.7344404,11.7926552,72306674
2022-05-30,11.8591864,11.8758192,11.6762256,11.7094912,89690123
2022-05-31,11.7011748,11.7926552,11.64296,11.7760224,93886855
2022-06-01,11.7593896,11.7593896,11.64296,11.7094912,84529898
2022-06-02,11.6595928,11.6679092,11.5431632,11.601378,97926822
2022-06-06,11.5681124,11.7843388,11.3435696,11.7843388,171085175
2022-06-07,11.6595928,11.85087,11.6346436,11.7760224,131511262
2022-06-08,11.7760224,11.7843388,11.6512764,11.7760224,114552124
2022-06-09,11.7593896,12.0255144,11.726124,11.934034,163290134
2022-06-10,11.8591864,11.9174012,11.7510732,11.9090848,134601231
2022-06-13,11.7926552,11.8009716,11.5431632,11.5681124,154775285
2022-06-14,11.4017844,11.7510732,11.4017844,11.7427568,115142939
2022-06-15,11.726124,12.5660804,11.6928584,12.2583736,341354368
2022-06-16,12.2583736,12.3332212,11.9922488,12.0088816,133254631
2022-06-17,11.9090848,12.0837292,11.809288,12.017198,105378794
2022-06-20,12.0088816,12.0088816,11.8591864,11.9257176,103216680
2022-06-21,11.9257176,12.1668932,11.8342372,11.9506668,132179398
2022-06-22,11.9423504,11.9423504,11.7094912,11.7094912,105604592
2022-06-23,11.7178076,11.8342372,11.6928584,11.809288,80602803
2022-06-24,11.809288,11.85087,11.7344404,11.8342372,86604061
2022-06-27,11.8425536,12.1086784,11.8259208,12.0504636,149727818
2022-06-28,12.0338308,12.2001588,11.9839324,12.1668932,112511048
2022-06-29,12.183526,12.391436,12.100362,12.1752096,126654728
2022-06-30,12.1668932,12.4912328,12.100362,12.4579672,154874501
2022-07-01,12.4746,12.5328148,12.3415376,12.4080688,77924332
2022-07-04,12.433018,12.4579672,12.26669,12.4247016,83496807
2022-07-05,12.4662836,12.6991428,12.3249048,12.3997524,111517210
2022-07-06,12.3332212,12.4163852,12.0255144,12.0837292,104333523
2022-07-07,12.0920456,12.183526,11.9589832,11.9922488,73016098
2022-07-08,12.05878,12.183526,11.9506668,12.0920456,63969823
2022-07-11,12.05878,12.1169948,11.9423504,12.0255144,61169194
2022-07-12,11.9839324,12.2500572,11.9589832,11.9922488,74288242
2022-07-13,11.9922488,12.0338308,11.5514796,11.6180108,217599606
2022-07-14,11.393468,11.4017844,11.0524956,11.1190268,263212087
2022-07-15,11.2105072,11.2770384,10.9942808,11.0109136,159863740
2022-07-18,11.01923,11.1772416,10.9859644,11.1356596,115350581
2022-07-19,11.0940776,11.1689252,11.0441792,11.1606088,75559710
2022-07-20,11.1689252,11.2021908,11.102394,11.1356596,80145866
2022-07-21,11.0774448,11.0940776,10.8030036,10.8196364,197038789
2022-07-22,10.87043388,10.94662851,10.68418034,10.84503567,137650974
2022-07-25,10.8365696,10.87889995,10.72651069,10.85350174,76395581
2022-07-26,10.79423925,10.92969637,10.76037497,10.92969637,102404881
2022-07-27,10.87889995,10.90429816,10.77730711,10.82810353,92391408
2022-07-28,10.84503567,10.92969637,10.81963746,10.90429816,75034652
2022-07-29,10.90429816,10.9212303,10.70957855,10.73497676,83149747
2022-08-01,10.71804462,10.71804462,10.4979268,10.51485894,102573271
2022-08-02,10.34553754,10.44713038,10.10848758,10.37940182,137300930
2022-08-03,10.32013933,10.38786789,10.16775007,10.18468221,74613653
2022-08-04,10.2439447,10.30320719,10.17621614,10.29474112,60267562
2022-08-05,10.26934291,10.43866431,10.14235186,10.42173217,76529787
2022-08-08,10.37093575,10.46406252,10.29474112,10.3286054,55199969
2022-08-09,10.33707147,10.34553754,10.22701256,10.26087684,55844757
2022-08-10,10.26087684,10.36246968,10.17621614,10.21008042,68302321
2022-08-11,10.22701256,10.48946073,10.19314828,10.45559645,139930361
2022-08-12,10.37940182,10.50639287,10.3286054,10.48099466,82050356
2022-08-15,10.40480003,10.46406252,10.23547863,10.25241077,117201000
2022-08-16,10.25241077,10.3286054,10.2439447,10.26934291,63122370
2022-08-17,10.28627505,10.51485894,10.21854649,10.4979268,134850658
2022-08-18,10.56565536,10.61645178,10.29474112,10.37093575,126970094
2022-08-19,10.38786789,10.79423925,10.35400361,10.64184999,210641724
2022-08-22,10.65031606,10.73497676,10.50639287,10.5825875,113807658
2022-08-23,10.54025715,10.57412143,10.39633396,10.44713038,92146307
2022-08-24,10.43866431,10.61645178,10.43866431,10.4979268,129537533
2022-08-25,10.4979268,10.71804462,10.4132661,10.68418034,106401061
2022-08-26,10.73497676,10.79423925,10.54872322,10.67571427,92763426
2022-08-29,10.5825875,10.63338392,10.42173217,10.51485894,92449065
2022-08-30,10.52332501,10.61645178,10.39633396,10.56565536,79971238
2022-08-31,10.48099466,10.81963746,10.46406252,10.79423925,165304158
2022-09-01,10.70957855,10.82810353,10.65031606,10.67571427,86198195
2022-09-02,10.68418034,10.74344283,10.52332501,10.59105357,78636281
2022-09-05,10.54872322,10.6672482,10.47252859,10.64184999,63203998
2022-09-06,10.65031606,10.71804462,10.52332501,10.5825875,73129499
2022-09-07,10.51485894,10.51485894,10.39633396,10.43866431,97981281
2022-09-08,10.43019824,10.53179108,10.4132661,10.46406252,62111692
2022-09-09,10.4979268,10.78577318,10.46406252,10.76884104,195129731
2022-09-13,10.90429816,11.02282314,10.71804462,10.96356065,172268989
2022-09-14,10.79423925,10.89583209,10.7519089,10.77730711,85803584
2022-09-15,10.8365696,11.0905517,10.81117139,11.005891,184101788
2022-09-16,10.93816244,10.96356065,10.63338392,10.63338392,135744781
2022-09-19,10.61645178,10.72651069,10.56565536,10.64184999,63212104
2022-09-20,10.67571427,10.69264641,10.43019824,10.44713038,88998853
2022-09-21,10.42173217,10.56565536,10.3286054,10.52332501,68419739
2022-09-22,10.43866431,10.46406252,10.37093575,10.40480003,58613338
2022-09-23,10.36246968,10.52332501,10.35400361,10.40480003,58644106
2022-09-26,10.29474112,10.39633396,10.15081793,10.159284,90372904
2022-09-27,10.159284,10.29474112,9.99842867,10.28627505,78962229
2022-09-28,10.23547863,10.37093575,10.09155544,10.25241077,78092558
2022-09-29,10.37093575,10.39633396,10.00689474,10.04075902,91771804
2022-09-30,10.04922509,10.12541972,10.01536081,10.02382688,53723019
2022-10-10,9.9053019,9.96456439,9.70211622,9.71058229,96608018
2022-10-11,9.76984478,9.80370906,9.65978587,9.71904836,41525337
2022-10-12,9.69365015,9.83757334,9.60898945,9.8206412,55957243
2022-10-13,9.74444657,9.76984478,9.57512517,9.60052338,85261597
2022-10-14,9.69365015,9.84603941,9.6513198,9.76137871,109606158
2022-10-17,9.66825194,9.75291264,9.60052338,9.71904836,102482271
2022-10-18,9.77831085,9.85450548,9.70211622,9.71904836,94683709
2022-10-19,9.66825194,9.72751443,9.54972696,9.55819303,92398968
2022-10-20,9.50739661,9.57512517,9.44813412,9.4819984,78192323
2022-10-21,9.49046447,9.52432875,9.37193949,9.38887163,78557429
2022-10-24,9.38887163,9.3973377,8.98250027,8.99096634,138339065
2022-10-25,9.0586949,9.15182167,8.9740342,9.01636455,131697940
2022-10-26,9.00789848,9.08409311,8.98250027,9.02483062,114382988
2022-10-27,9.0586949,9.11795739,9.02483062,9.04176276,95738346
2022-10-28,8.99943241,9.0586949,8.81317887,8.82164494,105794701
2022-10-31,8.74545031,8.84704315,8.65232354,8.75391638,98309569
2022-11-01,8.78778066,9.04176276,8.77084852,9.03329669,138123413
2022-11-02,8.98250027,9.04176276,8.87244136,8.99943241,130298818
2022-11-03,8.92323778,8.94863599,8.78778066,8.83857708,98353561
2022-11-04,8.8047128,9.18568595,8.79624673,9.16028774,177611223
2022-11-07,9.15182167,9.23648237,9.08409311,9.21108416,98808204
2022-11-08,9.21955023,9.24494844,9.12642346,9.18568595,58322205
2022-11-09,9.17721988,9.38040556,9.16028774,9.21955023,83210685
2022-11-10,9.13488953,9.2280163,9.05022883,9.20261809,55202119
2022-11-11,9.42273591,9.87143762,9.32114307,9.67671801,254507055
2022-11-14,9.9053019,10.39633396,9.9053019,10.11695365,387208410
2022-11-15,10.04075902,10.31167326,10.01536081,10.16775007,157390134
2022-11-16,10.13388579,10.20161435,9.98149653,10.00689474,127869288
2022-11-17,9.99842867,10.02382688,9.80370906,9.89683583,109104716
2022-11-18,9.93916618,9.97303046,9.79524299,9.81217513,86809329
2022-11-21,9.71904836,9.7359805,9.49893054,9.70211622,104773707
2022-11-22,9.70211622,10.10002151,9.68518408,10.00689474,149132388
2022-11-23,9.97303046,10.20161435,9.92223404,10.00689474,124765653
2022-11-24,10.09155544,10.15081793,9.89683583,9.96456439,79671882
2022-11-25,9.98149653,10.35400361,9.96456439,10.30320719,176072817
2022-11-28,10.0746233,10.09155544,9.89683583,9.99842867,133156295
2022-11-29,10.29474112,10.99742493,10.26934291,10.99742493,474927650
2022-11-30,10.9212303,11.29373738,10.85350174,11.03128921,320962830
2022-12-01,11.32760166,11.56465162,11.06515349,11.0905517,200268883
2022-12-02,11.12441598,11.13288205,10.74344283,10.9212303,140420278
2022-12-05,11.08208563,11.48845699,11.01435707,11.45459271,228762742
2022-12-06,11.29373738,11.56465162,11.21754275,11.36993201,125257891
2022-12-07,11.28527131,11.31913559,11.03128921,11.13288205,137737690
2022-12-08,11.13288205,11.44612664,11.10748384,11.31066952,106572280
2022-12-09,11.3445338,11.64084625,11.30220345,11.5985159,161583192
2022-12-12,11.49692306,11.49692306,11.05668742,11.09901777,139258428
2022-12-13,11.13288205,11.31066952,11.12441598,11.20907668,90228513
2022-12-14,11.20061061,11.3445338,11.07361956,11.20061061,97406110
2022-12-15,11.12441598,11.24294096,10.95509458,11.0905517,83534926
2022-12-16,11.02282314,11.3445338,11.02282314,11.29373738,92425167
2022-12-19,11.28527131,11.40379629,10.96356065,11.03975528,103086606
2022-12-20,10.98049279,11.07361956,10.72651069,10.80270532,89621223
2022-12-21,10.87889995,10.99742493,10.78577318,10.91276423,61458964
2022-12-22,11.005891,11.13288205,10.9212303,10.96356065,67239430
2022-12-23,10.87889995,11.05668742,10.8365696,10.98895886,56442641
2022-12-26,10.99742493,11.03975528,10.76037497,10.81117139,79711987
2022-12-27,10.89583209,11.19214454,10.89583209,11.09901777,88600412
2022-12-28,11.14134812,11.32760166,11.005891,11.12441598,79119198
2022-12-29,11.06515349,11.11594991,10.87889995,11.03128921,66689009
2022-12-30,11.03975528,11.24294096,10.97202672,11.14134812,81803598
2023-01-03,11.1752124,11.72550695,11.04822135,11.65777839,219412794
2023-01-04,11.60698197,12.20807294,11.53925341,12.12341224,218968253
2023-01-05,12.1911408,12.47898718,12.16574259,12.25886936,166542518
2023-01-06,12.2758015,12.46205504,12.25886936,12.37739434,119574471
2023-01-09,12.48745325,12.59751216,12.29273364,12.5297836,105765911
2023-01-10,12.49591932,12.60597823,12.18267473,12.22500508,126942339
2023-01-11,12.23347115,12.51285146,12.18267473,12.41972469,83056612
2023-01-12,12.50438539,12.50438539,12.30119971,12.41972469,62569484
2023-01-13,12.41972469,12.65677465,12.31813185,12.65677465,94908583
2023-01-16,12.65677465,12.93615496,12.57211395,12.76683356,156003989
2023-01-17,12.80916391,12.85149426,12.50438539,12.67370679,93583454
2023-01-18,12.65677465,12.85149426,12.62291037,12.79223177,71843403
2023-01-19,12.80916391,12.91075675,12.58904609,12.77529963,64187520
2023-01-20,12.83456212,12.90229068,12.699105,12.80916391,60859008
2023-01-30,13.2070692,13.32559418,12.60597823,12.82609605,137431750
2023-01-31,12.90229068,13.13087457,12.66524072,12.69063893,103049784
2023-02-01,12.72450321,12.76683356,12.28426757,12.4451229,165342148
2023-02-02,12.47898718,12.51285146,12.08108189,12.3604622,157790039
2023-02-03,12.23347115,12.31813185,11.98795512,12.12341224,124638298
2023-02-06,11.9371587,11.96255691,11.73397302,11.852498,131761010
2023-02-07,11.90329442,12.12341224,11.87789621,12.03028547,86946046
2023-02-08,12.05568368,12.12341224,11.87789621,11.88636228,65789257
2023-02-09,11.86096407,12.1064801,11.81863372,11.96255691,83035002
2023-02-10,11.9371587,11.95409084,11.73397302,11.83556586,84728366
2023-02-13,11.80170158,11.80170158,11.5138552,11.70010874,180005416
2023-02-14,11.72550695,11.83556586,11.6831766,11.81863372,90993709
2023-02-15,11.81016765,11.81863372,11.53078734,11.57311769,125024398
2023-02-16,11.58158376,11.77630337,11.4291945,11.5138552,127912329
2023-02-17,11.53925341,11.61544804,11.36993201,11.36993201,91836369
2023-02-20,11.4291945,11.97948905,11.42072843,11.97948905,211619117
2023-02-21,11.90329442,12.0218194,11.78476944,11.9371587,99049499
2023-02-22,11.852498,11.95409084,11.80170158,11.86943014,63892239
2023-02-23,11.852498,12.12341224,11.83556586,11.89482835,82449068
2023-02-24,11.86943014,11.87789621,11.6831766,11.73397302,72998904
2023-02-27,11.64084625,11.75090516,11.58158376,11.59004983,62146193
2023-02-28,11.64084625,11.72550695,11.52232127,11.66624446,60793592
2023-03-01,11.6831766,12.01335333,11.63238018,11.99642119,122345178
2023-03-02,11.96255691,12.22500508,11.90329442,12.05568368,101587684
2023-03-03,12.14881045,12.16574259,11.97102298,12.09801403,69095439
2023-03-06,12.1064801,12.1064801,11.61544804,11.72550695,145582414
2023-03-07,11.72550695,11.9371587,11.55618555,11.59004983,127926629
2023-03-08,11.53925341,11.54771948,11.3445338,11.45459271,109689791
2023-03-09,11.46305878,11.49692306,11.11594991,11.1752124,173606476
2023-03-10,11.005891,11.23447489,11.005891,11.12441598,85699610
2023-03-13,11.10748384,11.25140703,11.005891,11.04822135,100063496
2023-03-14,10.99742493,11.005891,10.77730711,10.89583209,114907558
2023-03-15,11.04822135,11.15828026,10.95509458,11.04822135,97936372
2023-03-16,10.91276423,11.03128921,10.8365696,10.85350174,91679249
2023-03-17,10.99742493,11.03975528,10.70957855,10.79423925,155681414
2023-03-20,10.80270532,10.87889995,10.62491785,10.64184999,118881633
2023-03-21,10.70957855,10.81963746,10.5825875,10.7519089,84074317
2023-03-22,10.79423925,10.90429816,10.76037497,10.82810353,87669077
2023-03-23,10.7519089,10.9212303,10.69264641,10.9212303,80430604
2023-03-24,10.87889995,10.88736602,10.80270532,10.85350174,62151875
2023-03-27,10.8365696,10.84503567,10.54872322,10.6672482,100842214
2023-03-28,10.71804462,10.77730711,10.62491785,10.70111248,67386843
2023-03-29,10.77730711,10.78577318,10.5825875,10.60798571,59606433
2023-03-30,10.62491785,10.76037497,10.50639287,10.73497676,82454624
2023-03-31,10.74344283,10.81117139,10.59105357,10.60798571,86549166
2023-04-03,10.62491785,10.74344283,10.54872322,10.72651069,74042886
2023-04-04,10.70111248,10.76884104,10.65878213,10.70957855,64745722
2023-04-06,10.6672482,10.67571427,10.5825875,10.65031606,56332130
2023-04-07,10.64184999,10.74344283,10.5825875,10.68418034,60792526
2023-04-10,10.70111248,10.7519089,10.65031606,10.73497676,64018181
2023-04-11,10.7519089,10.76884104,10.59951964,10.61645178,77777962
2023-04-12,10.65031606,10.65878213,10.54025715,10.56565536,90995706
2023-04-13,10.50639287,10.72651069,10.4132661,10.63338392,113159146
2023-04-14,10.6672482,10.9212303,10.65031606,10.74344283,129799484
2023-04-17,10.71804462,10.95509458,10.6672482,10.94662851,130421259
2023-04-18,10.94662851,11.1752124,10.91276423,11.005891,153893615
2023-04-19,11.02282314,11.06515349,10.86196781,10.87889995,101437815
2023-04-20,10.9212303,10.9212303,10.68418034,10.79423925,81178841
2023-04-21,10.7519089,10.86196781,10.56565536,10.5825875,91866839
2023-04-24,10.56565536,10.5825875,10.18468221,10.2439447,146767192
2023-04-25,10.27780898,10.47252859,10.26087684,10.39633396,130190082
2023-04-26,10.37093575,10.37093575,10.15081793,10.26087684,99126040
2023-04-27,10.21008042,10.45559645,10.159284,10.37940182,100409337
2023-04-28,10.37940182,10.81963746,10.34553754,10.62491785,144525434
2023-05-04,10.4979268,10.86196781,10.32013933,10.77730711,147826438
2023-05-05,10.81963746,11.09901777,10.79423925,10.92969637,176218865
2023-05-08,10.95509458,11.42072843,10.87043388,11.27680524,263071861
2023-05-09,11.3445338,11.5138552,11.11594991,11.14134812,242253445
2023-05-10,11.14981419,11.22600882,10.8365696,10.87043388,123705339
2023-05-11,10.96356065,11.10748384,10.8365696,10.87889995,90375844
2023-05-12,10.85350174,10.89583209,10.67571427,10.68418034,88560368
2023-05-15,10.73497676,10.87889995,10.54025715,10.86196781,92832563
2023-05-16,10.8365696,10.93816244,10.64184999,10.68418034,99830169
2023-05-17,10.65031606,10.70111248,10.53179108,10.57412143,75462120
2023-05-18,10.64184999,10.70111248,10.52332501,10.57412143,68718687
2023-05-19,10.52332501,10.53179108,10.43019824,10.44713038,68841368
2023-05-22,10.42173217,10.54025715,10.42173217,10.48099466,54932785
2023-05-23,10.48099466,10.50639287,10.33707147,10.33707147,69436436
2023-05-24,10.3286054,10.33707147,10.16775007,10.16775007,82425088
2023-05-25,10.15081793,10.159284,9.99842867,10.10002151,88274430
2023-05-26,10.10002151,10.26934291,10.02382688,10.2439447,51142864
2023-05-29,10.25241077,10.26934291,10.11695365,10.14235186,56607382
2023-05-30,10.14235186,10.15081793,9.9899626,10.04922509,76399692
2023-05-31,10.00689474,10.02382688,9.80370906,9.8206412,117958671
2023-06-01,9.8206412,9.88836976,9.7359805,9.81217513,74302293
2023-06-02,9.88836976,10.13388579,9.85450548,10.10002151,122184253
2023-06-05,10.05769116,10.159284,10.00689474,10.08308937,52184619
2023-06-06,10.08308937,10.23547863,10.00689474,10.02382688,83327347
2023-06-07,10.06615723,10.21854649,10.05769116,10.10848758,64369784
2023-06-08,10.12541972,10.3286054,10.04075902,10.26087684,86939712
2023-06-09,10.21008042,10.23547863,10.03229295,10.05769116,131528476
2023-06-12,10.00689474,10.0746233,9.95609832,9.98149653,75874703
2023-06-13,9.95609832,10.02382688,9.89683583,9.96456439,84998805
2023-06-14,10.0165989,10.17270174,9.93854748,9.94721986,106920004
2023-06-15,9.96456462,10.08597794,9.87784082,10.06863318,92530056
2023-06-16,10.06863318,10.12066746,10.03394366,10.08597794,84203365
2023-06-19,10.08597794,10.08597794,9.89518558,9.9298751,95399707
2023-06-20,9.92120272,9.93854748,9.8431513,9.85182368,54455079
2023-06-21,9.85182368,9.95589224,9.83447892,9.8431513,61658296
2023-06-26,9.7997894,9.7997894,9.6697037,9.69572084,67657743
2023-06-27,9.7130656,9.81713416,9.68704846,9.78244464,46170178
2023-06-28,9.78244464,9.82580654,9.73041036,9.7997894,36539644
2023-06-29,9.79111702,9.79111702,9.68704846,9.69572084,48590630
2023-06-30,9.69572084,9.80846178,9.6697037,9.73908274,51905258
2023-07-03,9.74775512,9.99925414,9.73908274,9.96456462,88509071
2023-07-04,9.93854748,9.96456462,9.81713416,9.8865132,61630056
2023-07-05,9.85182368,9.8865132,9.7997894,9.83447892,42348240
2023-07-06,9.7997894,9.83447892,9.72173798,9.74775512,59709591
2023-07-07,9.7130656,9.77377226,9.69572084,9.7130656,48444083
2023-07-10,9.7564275,9.78244464,9.68704846,9.7130656,49588228
2023-07-11,9.73041036,9.76509988,9.70439322,9.72173798,57080909
2023-07-12,9.73908274,9.85182368,9.73041036,9.74775512,73608367
2023-07-13,9.81713416,9.94721986,9.77377226,9.91253034,112422973
2023-07-14,9.91253034,10.0165989,9.8865132,9.93854748,71914699
2023-07-17,9.89518558,9.89518558,9.76509988,9.80846178,60834258
2023-07-18,9.79111702,9.81713416,9.73041036,9.7564275,47196618
2023-07-19,9.73908274,9.81713416,9.73908274,9.80846178,38219596
2023-07-20,9.82580654,9.92120272,9.79111702,9.81713416,55406957
2023-07-21,9.80846178,9.87784082,9.78244464,9.83447892,37710256
2023-07-24,9.82580654,9.82580654,9.74775512,9.76509988,42685218
2023-07-25,9.9298751,10.17270174,9.92120272,10.16402936,203295819
2023-07-26,10.1033227,10.18137412,10.02527128,10.12066746,75166268
2023-07-27,10.12933984,10.29411506,10.1033227,10.1900465,111519586
2023-07-28,10.13801222,10.6670274,10.12066746,10.63233788,234701346
2023-07-31,10.6670274,10.840475,10.60632074,10.68437216,185495239
2023-08-01,10.63233788,10.72773406,10.51959694,10.54561408,95773478
2023-08-02,10.45889028,10.61499312,10.34614934,10.43287314,111590004
2023-08-03,10.39818362,10.72773406,10.3634941,10.69304454,117584771
2023-08-04,10.77109596,10.86649214,10.58897598,10.6670274,130313102
2023-08-07,10.58897598,10.6236655,10.51092456,10.54561408,64691326
2023-08-08,10.51092456,10.58897598,10.406856,10.4935798,72570456
2023-08-09,10.45889028,10.5803036,10.4502179,10.55428646,57760774
2023-08-10,10.5369417,10.58897598,10.45889028,10.54561408,47559453
2023-08-11,10.55428646,10.64101026,10.31145982,10.31145982,94353857
2023-08-14,10.19871888,10.21606364,10.05128842,10.12066746,97592018
2023-08-15,10.13801222,10.2334084,10.0599608,10.17270174,71281277
2023-08-16,10.12066746,10.2767703,10.06863318,10.17270174,57290437
2023-08-17,10.12066746,10.1466846,9.93854748,10.03394366,96505775
2023-08-18,10.04261604,10.18137412,9.99925414,10.02527128,65981885
2023-08-21,10.02527128,10.04261604,9.81713416,9.81713416,70149785
2023-08-22,9.86916844,9.9298751,9.80846178,9.86049606,60680809
2023-08-23,9.8431513,9.90385796,9.74775512,9.7564275,69180998
2023-08-24,9.79111702,9.81713416,9.5829799,9.65235894,129127070
2023-08-25,9.6263418,9.82580654,9.60899704,9.73908274,84534992
2023-08-28,10.26809792,10.34614934,9.96456462,9.99058176,199760987
2023-08-29,9.94721986,9.96456462,9.65235894,9.80846178,196496143
2023-08-30,9.77377226,9.77377226,9.65235894,9.65235894,137563829
2023-08-31,9.66103132,9.73041036,9.64368656,9.65235894,80647403
2023-09-01,9.70439322,9.85182368,9.70439322,9.81713416,113870483
2023-09-04,9.8431513,10.05128842,9.82580654,10.02527128,141002923
2023-09-05,9.973237,9.98190938,9.85182368,9.87784082,80417716
2023-09-06,9.82580654,9.93854748,9.7997894,9.91253034,63484051
2023-09-07,9.8865132,9.92120272,9.81713416,9.82580654,54004157
2023-09-08,9.78244464,9.81713416,9.73908274,9.77377226,47902967
2023-09-11,9.7997894,9.8865132,9.77377226,9.83447892,65448558
2023-09-12,9.8431513,9.8431513,9.7564275,9.78244464,49548506
2023-09-13,9.79111702,9.81713416,9.72173798,9.7564275,49021797
2023-09-14,9.78244464,9.82580654,9.7564275,9.79111702,55165017
2023-09-15,9.8431513,9.8865132,9.7130656,9.73041036,89047613
2023-09-18,9.73041036,9.74775512,9.66103132,9.73908274,50132501
2023-09-19,9.73041036,9.73908274,9.67837608,9.72173798,50366432
2023-09-20,9.7130656,9.73041036,9.6697037,9.6697037,55887241
2023-09-21,9.66103132,9.66103132,9.57430752,9.5829799,84393011
2023-09-22,9.56563514,9.7564275,9.56563514,9.74775512,91148430
2023-09-25,9.74775512,9.81713416,9.70439322,9.73041036,76121125
2023-09-26,9.73041036,9.76509988,9.66103132,9.67837608,44498035
2023-09-27,9.6697037,9.73041036,9.6697037,9.68704846,49031061
2023-09-28,9.70439322,9.74775512,9.69572084,9.7130656,52069678
2023-10-09,9.67837608,9.68704846,9.59165228,9.63501418,69582809
2023-10-10,9.70439322,9.7130656,9.55696276,9.55696276,82074851
2023-10-11,9.61766942,9.61766942,9.50492848,9.52227324,72411569
2023-10-12,9.63501418,9.67837608,9.57430752,9.63501418,85305750
2023-10-13,9.56563514,9.60032466,9.4962561,9.539618,68448308
2023-10-16,9.539618,9.56563514,9.4962561,9.54829038,50162432
2023-10-17,9.54829038,9.5829799,9.50492848,9.55696276,49352505
2023-10-18,9.53094562,9.55696276,9.46156658,9.4962561,65182492
2023-10-19,9.46156658,9.47023896,9.18405042,9.1927228,118896083
2023-10-20,9.1493609,9.25342946,9.11467138,9.1927228,52613912
2023-10-23,9.18405042,9.1927228,9.04529234,9.105999,53040448
2023-10-24,9.14068852,9.20139518,9.05396472,9.1493609,76065269
2023-10-25,9.11467138,9.14068852,8.98458568,9.00193044,141144968
2023-10-26,8.94122378,9.03661996,8.9325514,9.02794758,59999147
2023-10-27,9.00193044,9.08865424,8.95856854,9.0626371,91977136
2023-10-30,9.0192752,9.07998186,8.9759133,9.0626371,80568955
2023-10-31,9.04529234,9.09732662,9.02794758,9.07130948,65285523
2023-11-01,9.1493609,9.15803328,9.0626371,9.08865424,56730035
2023-11-02,9.105999,9.1927228,9.07998186,9.08865424,61942995
2023-11-03,9.09732662,9.12334376,9.04529234,9.08865424,70546347
2023-11-06,9.11467138,9.27077422,9.11467138,9.27077422,100706221
2023-11-07,9.24475708,9.24475708,9.17537804,9.1927228,64086612
2023-11-08,9.17537804,9.1927228,9.0626371,9.105999,87781875
2023-11-09,9.07130948,9.12334376,9.04529234,9.09732662,63913648
2023-11-10,9.0626371,9.07998186,8.92387902,8.9325514,104504417
2023-11-13,8.94122378,8.95856854,8.86317236,8.8891895,77004310
2023-11-14,8.88051712,8.95856854,8.87184474,8.90653426,59685888
2023-11-15,8.99325806,9.0626371,8.96724092,8.99325806,110914015
2023-11-16,9.00193044,9.01060282,8.87184474,8.88051712,92262194
2023-11-17,8.86317236,8.8891895,8.77644856,8.8024657,90336217
2023-11-20,8.8024657,8.86317236,8.7591038,8.83715522,63952831
2023-11-21,8.87184474,8.9759133,8.86317236,8.91520664,104116573
2023-11-22,8.89786188,8.94122378,8.79379332,8.81113808,73748951
2023-11-23,8.8024657,8.81113808,8.73308666,8.8024657,84665587
2023-11-24,8.76777618,8.78512094,8.74175904,8.7591038,68469456
2023-11-27,8.75043142,8.75043142,8.64636286,8.68105238,83618785
2023-11-28,8.66370762,8.68972476,8.6290181,8.6290181,78617469
2023-11-29,8.6290181,8.64636286,8.4122086,8.42955336,146759662
2023-11-30,8.40353622,8.43822574,8.34282956,8.39486384,90176457
2023-12-01,8.3688467,8.39486384,8.30814004,8.37751908,77805699
2023-12-04,8.38619146,8.39486384,8.33415718,8.35150194,60543785
2023-12-05,8.33415718,8.34282956,8.21274386,8.22141624,78737848
2023-12-06,8.18672672,8.29946766,8.1520372,8.238761,75305592
2023-12-07,8.23008862,8.23008862,8.13469244,8.18672672,58538019
2023-12-08,8.16070958,8.1953991,8.0653134,8.0653134,102115150
2023-12-11,7.99593436,8.13469244,7.91788294,8.1086753,113366281
2023-12-12,8.07398578,8.238761,8.0653134,8.16938196,85501642
2023-12-13,8.13469244,8.14336482,7.9352277,7.94390008,106130165
2023-12-14,7.98726198,8.04796864,7.9352277,7.9352277,74290056
2023-12-15,7.9785896,8.1086753,7.96991722,7.98726198,98893942
2023-12-18,7.96124484,8.01327912,7.88319342,7.91788294,65442562
2023-12-19,7.90921056,7.95257246,7.86584866,7.8918658,64407088
2023-12-20,7.90053818,7.9352277,7.83115914,7.83115914,71563363
2023-12-21,7.81381438,7.96991722,7.79646962,7.95257246,101704676
2023-12-22,7.96991722,8.04796864,7.90053818,7.9785896,100564502
2023-12-25,7.96124484,7.9785896,7.92655532,7.96991722,41397088
2023-12-26,7.96991722,7.9785896,7.86584866,7.8918658,54189633
2023-12-27,7.8918658,7.91788294,7.82248676,7.90921056,64153435
2023-12-28,7.90053818,8.21274386,7.87452104,8.1953991,166159184
2023-12-29,8.16938196,8.22141624,8.1086753,8.14336482,85385279
